ctn_no,category,actual_position_block,bay,stack,tier,first_inyard_time,last_outyard_time,order,vessel_reference,destination_port_code,ctn_status,ctn_size,weight,ctn_weight,flag
SEGU6695985,1,3K,40,9,1,2019/9/24 0:34,,1,MED1,GRPIR,1,2.25,24500,8,0
EITU9007144,1,2A,56,6,1,2022/9/28 21:25,,2,MED1,GRPIR,1,2.25,17940,5,0
DFSU3514352,1,1A,92,5,1,2022/9/29 15:36,,3,MED1,GRPIR,1,2.25,14450,4,0
ECMU8097419,1,34,20,2,1,2022/10/20 17:30,,4,MED1,GRPIR,1,2.25,25796.1,8,0
OOLU8773370,1,82,20,6,3,2022/10/21 14:45,,5,MED1,PLGDN,1,2.25,30038.8,10,0
CBHU9012600,1,64,42,4,2,2022/10/21 20:07,,6,MED1,FRFOS,1,2.25,12900,4,0
TRHU4697968,1,5B,66,1,1,2022/10/22 18:09,,7,MED1,GRPIR,1,2.25,14460,4,0
OOCU8486651,1,5B,66,1,2,2022/10/22 22:21,,8,MED1,GRPIR,1,2.25,15720,5,0
TRHU5731922,1,46,52,6,2,2022/10/24 10:38,,9,MED1,GRPIR,1,2.25,29900,9,0
CCLU7401542,1,48,50,1,1,2022/10/24 17:17,,10,MED1,GRPIR,1,2.25,13735,4,0
CSLU6146823,1,41,12,2,1,2022/10/24 17:33,,11,MED1,FRFOS,1,2.25,14052,4,0
OOLU9772830,1,41,48,2,1,2022/10/24 18:56,,12,MED1,GRPIR,1,2.25,17290,5,0
OOCU7821040,1,6C,76,4,1,2022/10/24 20:57,,13,MED1,FRFOS,1,2.25,22193,7,0
CSNU7674484,1,5B,66,1,3,2022/10/24 21:39,,14,MED1,GRPIR,1,2.25,12300,4,0
OOLU9300897,1,51,46,2,3,2022/10/24 22:04,,15,MED1,GRPIR,1,2.25,22320,7,0
FCIU9481186,1,96,80,3,3,2022/10/25 0:50,,16,MED1,GRPIR,1,2.25,27100,9,0
BMOU5674023,1,96,80,3,2,2022/10/25 1:02,,17,MED1,GRPIR,1,2.25,16910,5,0
UETU5360953,1,48,56,1,1,2022/10/25 4:56,,18,MED1,GRPIR,1,2.25,14920,4,0
BEAU6185634,1,67,40,5,1,2022/10/25 10:43,,19,MED1,GRPIR,1,2.25,13495,4,0
OOLU8702309,1,96,80,3,1,2022/10/25 18:04,,20,MED1,GRPIR,1,2.25,24190,8,0
OOLU8934562,1,66,78,1,2,2022/10/25 19:37,,21,MED1,GRPIR,1,2.25,15090,5,0
TGBU5505618,1,48,56,1,2,2022/10/25 20:46,,22,MED1,GRPIR,1,2.25,18460,6,0
CSNU6479436,1,67,40,6,4,2022/10/25 21:22,,23,MED1,GRPIR,1,2.25,15860,5,0
FFAU3128620,1,67,40,6,3,2022/10/25 23:36,,24,MED1,GRPIR,1,2.25,19660,6,0
CSNU6365095,1,67,40,3,1,2022/10/25 23:42,,25,MED1,GRPIR,1,2.25,24600,8,0
OOLU8455132,1,65,32,5,1,2022/10/26 0:26,,26,MED1,GRPIR,1,2.25,21060,7,0
FFAU3394169,1,67,40,5,1,2022/10/26 1:17,,27,MED1,GRPIR,1,2.25,16469,5,0
CSLU6267466,1,67,40,4,1,2022/10/26 14:46,,28,MED1,GRPIR,1,2.25,19392.9,6,0
BEAU5561450,1,67,40,4,2,2022/10/26 15:09,,29,MED1,GRPIR,1,2.25,19350,6,0
CSNU8481005,1,2E,54,6,1,2022/10/26 18:32,,30,MED1,GRPIR,1,2.25,24330,8,0
ECMU8120083,1,3A,94,3,2,2022/10/26 18:46,,31,MED1,GRPIR,1,2.25,24950,8,0
TRHU6637823,1,67,40,6,2,2022/10/26 19:29,,32,MED1,GRPIR,1,2.25,29608,9,0
TGBU5124951,1,66,78,5,3,2022/10/26 19:38,,33,MED1,GRPIR,1,2.25,17010,5,0
CSNU8151641,1,67,40,6,1,2022/10/26 19:57,,34,MED1,GRPIR,1,2.25,24118,8,0
FFAU2364030,1,33,14,6,1,2022/10/26 20:25,,35,MED1,ITGOA,1,2.25,20490,6,0
FSCU8983511,1,66,78,5,2,2022/10/26 21:32,,36,MED1,GRPIR,1,2.25,19670,6,0
MAGU5192805,1,66,78,5,1,2022/10/26 22:38,,37,MED1,GRPIR,1,2.25,17620,5,0
OOCU7366461,1,2E,54,6,2,2022/10/26 22:45,,38,MED1,GRPIR,1,2.25,12670,4,0
TRHU7406686,1,42,24,5,5,2022/10/26 23:07,,39,MED1,FRFOS,1,2.25,16580,5,0
OOLU9982035,1,62,22,4,4,2022/10/26 23:19,,40,MED1,ITGOA,1,2.25,12700,4,0
CAIU5808333,1,3A,94,3,1,2022/10/27 0:21,,41,MED1,GRPIR,1,2.25,19000,6,0
TCKU6497390,1,62,22,4,3,2022/10/27 1:03,,42,MED1,ITGOA,1,2.25,20051,6,0
CAIU5852779,1,46,20,6,1,2022/10/27 1:35,,43,MED1,GRPIR,1,2.25,24960,8,0
DFSU7537839,1,67,40,4,3,2022/10/27 1:54,,44,MED1,GRPIR,1,2.25,17370,5,0
OOCU8167253,1,67,40,2,1,2022/10/27 2:41,,45,MED1,GRPIR,1,2.25,25380,8,0
CCLU7897767,1,67,40,6,2,2022/10/27 3:03,,46,MED1,GRPIR,1,2.25,17200,5,0
TCKU6678249,1,2E,50,3,1,2022/10/27 3:20,,47,MED1,GRPIR,1,2.25,18520,6,0
FFAU3547606,1,66,78,5,4,2022/10/27 4:34,,48,MED1,GRPIR,1,2.25,22774,7,0
BEAU6237430,1,67,40,2,1,2022/10/27 6:39,,49,MED1,GRPIR,1,2.25,21310,7,0
TCNU9997100,1,42,94,3,2,2022/10/27 8:39,,50,MED1,GRPIR,1,2.25,20433,6,0
CBHU9418591,1,5B,18,2,1,2022/10/27 11:36,,51,MED1,GRPIR,1,2.25,24620,8,0
FFAU2267200,1,5B,18,2,2,2022/10/27 13:35,,52,MED1,GRPIR,1,2.25,28450,9,0
TGBU7703269,1,5B,18,2,3,2022/10/27 13:57,,53,MED1,GRPIR,1,2.25,28450,9,0
FCIU9670214,1,63,46,2,2,2022/10/27 19:27,,54,MED1,GRPIR,1,2.25,31914,10,0
TGBU8939829,1,34,42,1,1,2022/10/27 20:14,,55,MED1,ITGOA,1,2.25,20828,6,0
OOCU7070171,1,66,78,1,1,2022/10/27 20:39,,56,MED1,GRPIR,1,2.25,11280,3,0
OOCU6419063,1,47,64,3,1,2022/10/28 6:17,,57,MED1,GRPIR,1,2.25,28450,9,0
CSNU6529033,1,66,78,2,1,2022/10/28 8:52,,58,MED1,GRPIR,1,2.25,20116,6,0
UETU5216397,1,53,10,3,5,2022/10/28 13:57,,59,MED1,GRPIR,1,2.25,31883.2,10,0
TCNU3783780,1,47,64,3,2,2022/10/28 14:18,,60,MED1,GRPIR,1,2.25,28450,9,0
SEGU6914656,1,47,64,3,3,2022/10/28 14:21,,61,MED1,GRPIR,1,2.25,24620,8,0
TGBU9275426,1,65,84,5,1,2022/10/28 15:10,,62,MED1,GRPIR,1,2.25,28200,9,0
CCLU7683662,1,65,84,5,2,2022/10/28 15:13,,63,MED1,GRPIR,1,2.25,24620,8,0
OOCU6951380,1,65,84,5,3,2022/10/28 16:00,,64,MED1,GRPIR,1,2.25,28450,9,0
DFSU7114689,1,47,64,3,4,2022/10/28 16:50,,65,MED1,GRPIR,1,2.25,28200,9,0
CAIU9772882,1,5B,18,3,1,2022/10/28 17:44,,66,MED1,GRPIR,1,2.25,24620,8,0
SEGU5008533,1,5B,18,3,2,2022/10/28 17:47,,67,MED1,GRPIR,1,2.25,28200,9,0
BMOU5119870,1,5B,18,3,3,2022/10/28 17:50,,68,MED1,GRPIR,1,2.25,24620,8,0
CBHU8894607,1,54,38,4,5,2022/10/28 18:25,,69,MED1,GRPIR,1,2.25,32388,10,0
DFSU6845992,1,65,32,3,5,2022/10/28 18:39,,70,MED1,GRPIR,1,2.25,24700,8,0
OOLU8831306,1,5B,18,3,4,2022/10/28 19:28,,71,MED1,GRPIR,1,2.25,24620,8,0
OOLU8516623,1,5B,18,2,4,2022/10/28 19:33,,72,MED1,GRPIR,1,2.25,28200,9,0
OOCU7885472,1,59,48,5,1,2022/10/28 19:35,,73,MED1,GRPIR,1,2.25,25525.6,8,0
OOLU0503086,1,62,35,4,4,2022/10/28 19:40,,74,MED1,GRPIR,1,1,5586,1,0
OOLU6932961,1,59,48,5,2,2022/10/28 20:34,,75,MED1,GRPIR,1,2.25,28450,9,0
APHU4638089,1,47,20,5,4,2022/10/28 22:42,,76,MED1,GRPIR,1,2.25,23895,7,0
CSNU1507406,1,66,23,2,2,2022/10/28 22:42,,77,MED1,GRPIR,1,1,12642,4,0
TEMU7173195,1,52,24,6,1,2022/10/28 23:06,,78,MED1,GRPIR,1,2.25,13600,4,0
OOCU7573181,1,59,64,2,1,2022/10/28 23:36,,79,MED1,ESVLC,1,2.25,24713,8,0
TGBU8952482,1,52,24,2,3,2022/10/29 0:11,,80,MED1,GRPIR,1,2.25,24000,8,0
TRHU4210196,1,59,76,5,1,2022/10/29 0:13,,81,MED1,ITGOA,1,2.25,22450,7,0
OOCU4954775,1,4A,82,3,1,2022/10/29 0:25,,82,MED1,ITSPE,1,2,29375,9,0
TGBU4945736,1,59,76,5,2,2022/10/29 0:28,,83,MED1,ITGOA,1,2.25,23201,7,0
TGHU6574620,1,71,20,5,4,2022/10/29 0:44,,84,MED1,GRPIR,1,2.25,26020,8,0
CSNU6795990,1,59,76,1,1,2022/10/29 0:46,,85,MED1,ITGOA,1,2.25,18150,6,0
OOCU8306641,1,52,24,2,4,2022/10/29 0:55,,86,MED1,GRPIR,1,2.25,21330,7,0
FSCU8535667,1,48,78,5,1,2022/10/29 4:15,,87,MED1,ITSPE,1,2.25,15660.8,5,0
MAGU2228139,1,46,73,3,2,2022/10/29 5:26,,88,MED1,GRPIR,1,1,4620,1,0
ECMU8168873,1,45,94,6,4,2022/10/29 5:33,,89,MED1,GRPIR,1,2.25,26135,8,0
OOLU9534386,1,6C,42,3,2,2022/10/29 5:38,,90,MED1,GRPIR,1,2.25,24000,8,0
CSNU8530727,1,65,32,5,3,2022/10/29 6:11,,91,MED1,GRPIR,1,2.25,23180,7,0
APHU4675190,1,47,20,5,1,2022/10/29 6:22,,92,MED1,GRPIR,1,2.25,14390,4,0
TCNU6078784,1,44,60,5,1,2022/10/29 6:53,,93,MED1,ITSPE,1,2.25,29714,9,0
CCLU7888488,1,41,62,1,2,2022/10/29 7:09,,94,MED1,FRFOS,1,2.25,7060,2,0
CSNU6435593,1,6C,42,1,1,2022/10/29 7:10,,95,MED1,GRPIR,1,2.25,16300,5,0
CSNU8305958,1,59,48,5,3,2022/10/29 7:11,,96,MED1,GRPIR,1,2.25,28450,9,0
TGBU9223382,1,4A,90,3,2,2022/10/29 7:12,,97,MED1,ITGOA,1,2.25,13615.1,4,0
SEGU4295362,1,6C,42,3,1,2022/10/29 7:14,,98,MED1,GRPIR,1,2.25,22280,7,0
FSCU8619860,1,6C,42,1,2,2022/10/29 7:18,,99,MED1,GRPIR,1,2.25,25500,8,0
TGBU8688981,1,44,18,4,3,2022/10/29 7:21,,100,MED1,GRPIR,1,2.25,17955,5,0
CMAU9124373,1,44,18,4,2,2022/10/29 7:28,,101,MED1,GRPIR,1,2,19953,6,0
FFAU3162760,1,52,24,1,3,2022/10/29 7:29,,102,MED1,GRPIR,1,2.25,29350,9,0
OOCU9022784,1,48,78,5,2,2022/10/29 7:33,,103,MED1,ITSPE,1,2.25,19600,6,0
TRHU3933800,1,44,77,1,1,2022/10/29 7:34,,104,MED1,FRFOS,1,1,14790,4,0
CCLU7350846,1,42,10,2,1,2022/10/29 7:35,,105,MED1,GRPIR,1,2.25,24620,8,0
OOLU1437369,1,4A,53,5,4,2022/10/29 7:38,,106,MED1,GRPIR,1,1,24708,8,0
OOLU9523458,1,59,76,5,3,2022/10/29 8:14,,107,MED1,ITGOA,1,2.25,21487,7,0
TCKU7823660,1,46,44,6,1,2022/10/29 8:16,,108,MED1,GRPIR,1,2.25,29450,9,0
TRHU4681302,1,52,24,2,2,2022/10/29 8:17,,109,MED1,GRPIR,1,2.25,24250,8,0
APHU6658510,1,46,44,6,2,2022/10/29 8:20,,110,MED1,GRPIR,1,2.25,29219,9,0
CSNU7540931,1,42,42,1,2,2022/10/29 8:28,,111,MED1,GRPIR,1,2.25,13841,4,0
ECMU1642527,1,44,77,1,2,2022/10/29 8:32,,112,MED1,FRFOS,1,1,11250,3,0
CSNU6755827,1,4A,90,3,3,2022/10/29 8:35,,113,MED1,ITGOA,1,2.25,13583,4,0
FCIU4634889,1,44,77,2,1,2022/10/29 8:39,,114,MED1,GRPIR,1,1,5000,1,0
CSNU1654120,1,41,23,3,1,2022/10/29 8:42,,115,MED1,FRFOS,1,1,4567,1,0
OOLU2924171,1,44,37,4,1,2022/10/29 8:44,,116,MED1,ITGOA,1,1,24075,8,0
ECMU8101463,1,2A,20,2,2,2022/10/29 8:50,,117,MED1,GRPIR,1,2.25,17450,5,0
SEGU5035040,1,64,18,4,5,2022/10/29 8:50,,118,MED1,GRPIR,1,2.25,17170,5,0
OOCU8458840,1,44,14,3,2,2022/10/29 8:52,,119,MED1,ITGOA,1,2.25,23516.4,7,0
TTNU8423178,1,41,74,5,5,2022/10/29 9:03,,120,MED1,FRFOS,1,2.25,23242.6,7,0
CMAU0080654,1,59,41,6,1,2022/10/29 9:04,,121,MED1,GRPIR,1,1,17891,5,0
APHU4660400,1,57,94,3,1,2022/10/29 9:08,,122,MED1,GRPIR,1,2.25,17330,5,0
SEKU4058513,1,59,76,5,4,2022/10/29 9:10,,123,MED1,ITGOA,1,2.25,19540.9,6,0
TLLU4426773,1,64,18,4,4,2022/10/29 9:17,,124,MED1,GRPIR,1,2.25,28000,9,0
DFSU7826852,1,59,64,3,1,2022/10/29 9:23,,125,MED1,ITSPE,1,2.25,14598,4,0
TEMU2780534,1,48,75,2,1,2022/10/29 9:28,,126,MED1,ITGOA,1,1,6453,2,0
TEMU3034421,1,48,75,2,2,2022/10/29 9:42,,127,MED1,ITGOA,1,1,6438,2,0
FFAU1607711,1,4A,10,6,1,2022/10/29 9:54,,128,MED1,GRPIR,1,2.25,23220,7,0
OOCU7642575,1,66,70,6,3,2022/10/29 9:57,,129,MED1,FRFOS,1,2.25,28209,9,0
TCNU5915090,1,65,32,3,4,2022/10/29 10:03,,130,MED1,GRPIR,1,2.25,27481,9,0
OOCU7561730,1,66,80,4,1,2022/10/29 10:06,,131,MED1,GRPIR,1,2.25,13020,4,0
OOCU7684040,1,63,64,2,4,2022/10/29 10:10,,132,MED1,GRPIR,1,2.25,20382,6,0
FFAU3539323,1,65,84,5,4,2022/10/29 10:18,,133,MED1,GRPIR,1,2.25,28200,9,0
APZU4834865,1,44,22,2,1,2022/10/29 10:19,,134,MED1,ITSPE,1,2,17274,5,0
ECMU8028887,1,57,94,3,2,2022/10/29 10:24,,135,MED1,GRPIR,1,2.25,27804,9,0
TCNU5752881,1,59,72,2,1,2022/10/29 10:51,,136,MED1,GRPIR,1,2.25,28760,9,0
OOCU7454074,1,44,22,2,2,2022/10/29 11:14,,137,MED1,ITSPE,1,2.25,16389.4,5,0
TGHU6986485,1,46,24,5,1,2022/10/29 11:25,,138,MED1,GRPIR,1,2.25,25650,8,0
OOLU1338638,1,48,75,4,2,2022/10/29 11:32,,139,MED1,ITGOA,1,1,18403,6,0
DFSU7801258,1,5E,20,4,2,2022/10/29 11:38,,140,MED1,GRPIR,1,2.25,27980,9,0
TRHU4205749,1,65,84,5,5,2022/10/29 11:52,,141,MED1,GRPIR,1,2.25,28450,9,0
SEGU6902737,1,66,80,6,3,2022/10/29 11:58,,142,MED1,GRPIR,1,2.25,11595,3,0
OOCU7957211,1,59,14,5,1,2022/10/29 12:02,,143,MED1,ITGOA,1,2.25,24400,8,0
TRHU4648768,1,46,48,4,2,2022/10/29 12:05,,144,MED1,ITSPE,1,2.25,13789.7,4,0
TCLU8720160,1,46,56,6,2,2022/10/29 12:10,,145,MED1,GRPIR,1,2.25,17214,5,0
OOCU6513573,1,59,20,6,4,2022/10/29 12:37,,146,MED1,ITGOA,1,2.25,29360,9,0
DHIU2241386,1,2B,75,3,1,2022/10/29 12:53,,147,MED1,GRPIR,1,1,29880,9,0
SEGU4931818,1,44,60,4,1,2022/10/29 13:01,,148,MED1,ITSPE,1,2.25,25580,8,0
DHIU2241508,1,2B,75,3,2,2022/10/29 13:17,,149,MED1,GRPIR,1,1,29860,9,0
OOLU9391705,1,59,14,5,2,2022/10/29 13:17,,150,MED1,ITGOA,1,2.25,24400,8,0
DHIU2241473,1,2B,75,2,1,2022/10/29 13:19,,151,MED1,GRPIR,1,1,29860,9,0
TCLU6531717,1,67,30,1,1,2022/10/29 13:45,,152,MED1,ITSPE,1,2.25,25580,8,0
CSLU2062597,1,59,41,1,2,2022/10/29 13:47,,153,MED1,GRPIR,1,1,30565,10,0
FCIU9338200,1,41,38,4,1,2022/10/29 14:23,,154,MED1,FRFOS,1,2.25,16176,5,0
OOLU9620078,1,59,14,5,3,2022/10/29 14:54,,155,MED1,ITGOA,1,2.25,24400,8,0
OOLU6750437,1,48,46,2,4,2022/10/29 15:13,,156,MED1,GRPIR,1,2.25,26450,8,0
CSLU6285963,1,59,14,5,4,2022/10/29 15:22,,157,MED1,ITGOA,1,2.25,24400,8,0
DHIU2241534,1,2B,63,5,1,2022/10/29 15:34,,158,MED1,GRPIR,1,1,29860,9,0
CSNU7327649,1,66,70,6,1,2022/10/29 15:34,,159,MED1,ITGOA,1,2.25,29360,9,0
CSNU8084040,1,62,38,5,1,2022/10/29 15:44,,160,MED1,ITGOA,1,2.25,24400,8,0
CCLU7314828,1,59,64,2,2,2022/10/29 15:52,,161,MED1,ESVLC,1,2.25,24620,8,0
TLLU7881600,1,67,30,1,2,2022/10/29 15:56,,162,MED1,ITSPE,1,2.25,25580,8,0
DHIU2241344,1,2B,63,5,2,2022/10/29 15:58,,163,MED1,GRPIR,1,1,29880,9,0
TGBU6328712,1,67,30,1,3,2022/10/29 16:00,,164,MED1,ITSPE,1,2.25,25580,8,0
OOCU8394869,1,69,44,2,1,2022/10/29 16:00,,165,MED1,ITGOA,1,2.25,19303.8,6,0
OOLU6925643,1,66,70,6,2,2022/10/29 16:01,,166,MED1,ITGOA,1,2.25,29360,9,0
OOCU6517809,1,66,80,6,1,2022/10/29 16:12,,167,MED1,FRFOS,1,2.25,16111,5,0
APZU4658719,1,41,66,2,1,2022/10/29 16:12,,168,MED1,GRPIR,1,2,27546,9,0
GLDU9310693,1,59,17,3,1,2022/10/29 16:17,,169,MED1,ITGOA,1,1,7727.9,2,0
CMAU0434824,1,59,41,4,1,2022/10/29 16:19,,170,MED1,GRPIR,1,1,4831.5,1,0
FCIU6164465,1,59,41,1,1,2022/10/29 16:22,,171,MED1,GRPIR,1,1,27440,9,0
CBHU9121577,1,41,48,2,2,2022/10/29 16:43,,172,MED1,GRPIR,1,2.25,29000,9,0
TGBU7921168,1,59,64,2,3,2022/10/29 16:47,,173,MED1,ESVLC,1,2.25,24620,8,0
OOLU9415480,1,42,28,4,1,2022/10/29 17:00,,174,MED1,GRPIR,1,2.25,28800,9,0
BSIU9639983,1,51,62,5,1,2022/10/29 17:09,,175,MED1,GRPIR,1,2.25,32028,10,0
UETU2313618,1,59,41,1,4,2022/10/29 17:15,,176,MED1,GRPIR,1,1,8000,2,0
TEMU1876858,1,46,73,3,1,2022/10/29 17:16,,177,MED1,GRPIR,1,1,27440,9,0
MAGU5328471,1,4A,78,6,3,2022/10/29 17:33,,178,MED1,FRFOS,1,2.25,16406,5,0
OOCU4960567,1,66,54,4,1,2022/10/29 17:47,,179,MED1,ITGOA,1,2,14301,4,0
DHIU2241426,1,2B,63,4,1,2022/10/29 18:06,,180,MED1,GRPIR,1,1,29860,9,0
OOCU4867691,1,63,22,3,1,2022/10/29 18:28,,181,MED1,ITGOA,1,2,12310,4,0
TCLU4434214,1,46,44,5,1,2022/10/29 18:28,,182,MED1,FRFOS,1,2,7016.4,2,0
DHIU2241447,1,2B,63,2,1,2022/10/29 18:35,,183,MED1,GRPIR,1,1,29880,9,0
CMAU0549145,1,44,29,1,3,2022/10/29 18:49,,184,MED1,GRPIR,1,1,27440,9,0
DHIU2241513,1,2B,63,2,2,2022/10/29 19:00,,185,MED1,GRPIR,1,1,29900,9,0
TCNU5430210,1,67,30,1,4,2022/10/29 19:07,,186,MED1,ITSPE,1,2.25,25580,8,0
FFAU2269033,1,44,18,1,1,2022/10/29 19:24,,187,MED1,GRPIR,1,2.25,14900,4,0
CSNU7895470,1,48,78,2,1,2022/10/29 19:27,,188,MED1,ITSPE,1,2.25,16985,5,0
TCLU8365699,1,44,46,3,3,2022/10/29 19:29,,189,MED1,ITSPE,1,2.25,12524,4,0
SEGU4423714,1,41,82,4,1,2022/10/29 19:42,,190,MED1,ITSPE,1,2.25,25580,8,0
TGBU9678139,1,42,86,3,5,2022/10/29 19:55,,191,MED1,ITGOA,1,2.25,29360,9,0
BMOU4394049,1,69,44,2,2,2022/10/29 20:21,,192,MED1,ITGOA,1,2.25,18240,6,0
TCLU1940651,1,44,91,5,2,2022/10/29 20:39,,193,MED1,FRFOS,1,1,6544.2,2,0
TGBU5873203,1,69,44,2,3,2022/10/29 20:40,,194,MED1,ITGOA,1,2.25,25363,8,0
DHIU2241452,1,2B,63,4,2,2022/10/29 20:44,,195,MED1,GRPIR,1,1,29880,9,0
TCKU3629030,1,44,29,1,2,2022/10/29 20:46,,196,MED1,GRPIR,1,1,24220,8,0
DHIU2241391,1,2B,63,6,2,2022/10/29 20:46,,197,MED1,GRPIR,1,1,29900,9,0
OOLU8534545,1,59,64,2,4,2022/10/29 21:10,,198,MED1,ESVLC,1,2.25,24620,8,0
OOCU7780403,1,62,22,4,1,2022/10/29 21:34,,199,MED1,ITGOA,1,2.25,16612,5,0
TRHU1107646,1,59,41,1,3,2022/10/29 21:36,,200,MED1,GRPIR,1,1,15944,5,0
ECMU8090712,1,54,20,5,1,2022/10/29 22:35,,201,MED1,GRPIR,1,2.25,27638,9,0
CAIU2338215,1,62,25,6,1,2022/10/29 22:52,,202,MED1,GRPIR,1,1,24220,8,0
FSCU8017143,1,59,80,3,2,2022/10/29 22:58,,203,MED1,ITGOA,1,2.25,11868,3,0
OOLU6835703,1,42,86,2,1,2022/10/29 23:06,,204,MED1,GRPIR,1,2.25,15150,5,0
BMOU1099707,1,44,29,1,1,2022/10/29 23:19,,205,MED1,GRPIR,1,1,24220,8,0
CMAU1162438,1,46,73,3,4,2022/10/30 1:09,,206,MED1,GRPIR,1,1,24220,8,0
CMAU0469780,1,46,73,1,4,2022/10/30 2:13,,207,MED1,GRPIR,1,1,24220,8,0
BMOU5089760,1,4A,30,2,1,2022/10/30 2:40,,208,MED1,ESVLC,1,2.25,26850,8,0
CSNU1627063,1,44,29,3,1,2022/10/30 2:56,,209,MED1,ITGOA,1,1,6566.5,2,0
DRYU4535810,1,55,20,3,4,2022/10/30 7:07,,210,MED1,GRPIR,1,2.25,19040,6,0
BEAU5566765,1,65,84,2,1,2022/10/30 7:08,,211,MED1,GRPIR,1,2.25,28200,9,0
FFAU1608301,1,46,28,2,4,2022/10/30 8:42,,212,MED1,ITSPE,1,2.25,25000,8,0
TEMU5785910,1,44,91,6,1,2022/10/30 9:14,,213,MED1,ESVLC,1,1,11960,3,0
FFAU1886278,1,64,66,1,1,2022/10/30 9:22,,214,MED1,GRPIR,1,2.25,11565,3,0
TEMU0986260,1,62,25,6,2,2022/10/30 10:34,,215,MED1,GRPIR,1,1,27440,9,0
APZU3513536,1,62,25,6,3,2022/10/30 10:39,,216,MED1,GRPIR,1,1,23440,7,0
CSNU6048280,1,65,32,5,4,2022/10/30 10:41,,217,MED1,GRPIR,1,2.25,30097.8,10,0
CMAU0860671,1,62,25,6,4,2022/10/30 10:44,,218,MED1,GRPIR,1,1,24220,8,0
OOCU7927583,1,64,66,1,2,2022/10/30 10:59,,219,MED1,GRPIR,1,2.25,11565,3,0
APZU3857280,1,46,73,2,1,2022/10/30 10:59,,220,MED1,GRPIR,1,1,27440,9,0
TGBU8689273,1,66,80,6,2,2022/10/30 11:19,,221,MED1,FRFOS,1,2.25,19754.9,6,0
TRHU1102900,1,46,73,2,2,2022/10/30 11:27,,222,MED1,GRPIR,1,1,27440,9,0
CMAU1894300,1,46,73,2,3,2022/10/30 11:29,,223,MED1,GRPIR,1,1,24220,8,0
SGRU2134875,1,46,73,2,4,2022/10/30 12:13,,224,MED1,GRPIR,1,1,27440,9,0
TEMU1275060,1,46,73,3,3,2022/10/30 12:31,,225,MED1,GRPIR,1,1,27440,9,0
SEKU4551849,1,59,48,5,4,2022/10/30 12:37,,226,MED1,GRPIR,1,2.25,24400,8,0
SEGU1772749,1,44,43,3,1,2022/10/30 12:42,,227,MED1,GRPIR,1,1,24220,8,0
OOCU7711763,1,42,28,1,2,2022/10/30 12:42,,228,MED1,GRPIR,1,2.25,25590,8,0
TGBU3263583,1,44,91,5,1,2022/10/30 12:49,,229,MED1,FRFOS,1,1,15412,5,0
TCKU3357219,1,44,43,3,2,2022/10/30 13:04,,230,MED1,GRPIR,1,1,24220,8,0
FCIU9614669,1,4A,30,2,2,2022/10/30 13:12,,231,MED1,ESVLC,1,2.25,24620,8,0
TCNU1744358,1,4A,86,3,1,2022/10/30 13:51,,232,MED1,ITGOA,1,2.25,24400,8,0
TCNU5478261,1,4A,86,3,2,2022/10/30 13:55,,233,MED1,ITGOA,1,2.25,24400,8,0
CMAU1903187,1,44,43,3,3,2022/10/30 13:58,,234,MED1,GRPIR,1,1,24220,8,0
FFAU3333332,1,62,22,4,2,2022/10/30 14:51,,235,MED1,ITGOA,1,2.25,26820.5,8,0
CMAU0045041,1,44,43,3,4,2022/10/30 15:00,,236,MED1,GRPIR,1,1,27440,9,0
TCLU2757007,1,44,43,3,5,2022/10/30 15:21,,237,MED1,GRPIR,1,1,27440,9,0
CSNU8039879,1,65,84,2,2,2022/10/30 15:36,,238,MED1,GRPIR,1,2.25,24620,8,0
TCKU3816410,1,4A,51,2,1,2022/10/30 15:48,,239,MED1,GRPIR,1,1,27440,9,0
TGHU1168568,1,4A,51,2,2,2022/10/30 16:33,,240,MED1,GRPIR,1,1,27440,9,0
TRLU8870200,1,4A,51,2,3,2022/10/30 17:08,,241,MED1,GRPIR,1,1,27440,9,0
CBHU9487674,1,42,86,2,2,2022/10/30 18:13,,242,MED1,GRPIR,1,2.25,14898.6,4,0
CSNU1365148,1,44,29,3,2,2022/10/30 18:30,,243,MED1,ITGOA,1,1,6662.4,2,0
OOLU1669195,1,48,13,4,4,2022/10/30 18:46,,244,MED1,ITGOA,1,1,16472,5,0
CAAU6126063,1,46,56,6,1,2022/10/30 19:14,,245,MED1,GRPIR,1,2.25,29005,9,0
TRHU7414906,1,42,86,2,4,2022/10/30 19:14,,246,MED1,GRPIR,1,2.25,29005,9,0
CSNU7206924,1,41,66,5,2,2022/10/30 19:14,,247,MED1,GRPIR,1,2.25,29005,9,0
TCNU1795191,1,41,66,1,2,2022/10/30 19:14,,248,MED1,GRPIR,1,2.25,29005,9,0
FCIU9624950,1,46,56,3,1,2022/10/30 19:14,,249,MED1,GRPIR,1,2.25,29005,9,0
FFAU2447177,1,42,86,2,3,2022/10/30 19:14,,250,MED1,GRPIR,1,2.25,29005,9,0
FFAU3030655,1,41,66,1,1,2022/10/30 19:14,,251,MED1,GRPIR,1,2.25,29005,9,0
FSCU8869860,1,42,28,1,1,2022/10/30 19:14,,252,MED1,GRPIR,1,2.25,29005,9,0
TRHU5250233,1,41,66,6,1,2022/10/30 19:14,,253,MED1,GRPIR,1,2.25,29005,9,0
TRHU6623985,1,41,66,5,1,2022/10/30 19:14,,254,MED1,GRPIR,1,2.25,29005,9,0
UETU5264815,1,65,84,1,2,2022/10/31 4:34,,255,MED1,GRPIR,1,2.25,24400,8,0
OOCU6959755,1,42,10,2,3,2022/10/31 5:15,,256,MED1,GRPIR,1,2.25,28450,9,0
OOCU6820158,1,42,10,2,4,2022/10/31 6:46,,257,MED1,GRPIR,1,2.25,28450,9,0
OOCU7791711,1,59,48,6,1,2022/10/31 8:40,,258,MED1,GRPIR,1,2.25,24400,8,0
CBHU9071239,1,62,42,6,1,2022/10/31 10:26,,259,MED1,GRPIR,1,2.25,24400,8,0
FCIU9802753,1,59,48,6,2,2022/10/31 10:52,,260,MED1,GRPIR,1,2.25,24400,8,0
FFAU3335490,1,4A,30,3,1,2022/10/31 10:57,,261,MED1,ESVLC,1,2.25,22900,7,0
CSNU7914559,1,59,48,6,3,2022/10/31 11:09,,262,MED1,GRPIR,1,2.25,28450,9,0
GAOU6793962,1,41,80,4,1,2022/10/31 11:14,,263,MED1,ITGOA,1,2.25,11799,3,0
CSNU8185003,1,66,12,1,2,2022/10/31 11:28,,264,MED1,GRPIR,1,2.25,24620,8,0
OOLU6982767,1,4A,30,3,2,2022/10/31 11:31,,265,MED1,ESVLC,1,2.25,22900,7,0
CSNU7442792,1,42,70,1,1,2022/10/31 12:10,,266,MED1,ESVLC,1,2.25,22900,7,0
CAIU9586635,1,42,70,1,2,2022/10/31 12:13,,267,MED1,ESVLC,1,2.25,22900,7,0
CSNU6973639,1,42,70,1,3,2022/10/31 12:21,,268,MED1,ESVLC,1,2.25,22900,7,0
OOLU9194310,1,62,42,6,2,2022/10/31 12:28,,269,MED1,GRPIR,1,2.25,24400,8,0
OOLU9673587,1,62,42,6,3,2022/10/31 14:34,,270,MED1,GRPIR,1,2.25,20600,6,0
CSNU6889894,1,46,52,6,1,2022/10/31 15:03,,271,MED1,ITSPE,1,2.25,22354,7,0
CCLU7404768,1,66,12,1,1,2022/10/31 16:20,,272,MED1,GRPIR,1,2.25,19160,6,0
UETU5173700,1,4A,30,2,3,2022/10/31 16:34,,273,MED1,ESVLC,1,2.25,22900,7,0
GAOU6475447,1,62,42,6,4,2022/10/31 18:16,,274,MED1,GRPIR,1,2.25,25276,8,0
CSNU7025274,1,67,30,6,1,2022/10/31 19:07,,275,MED1,ESVLC,1,2.25,19220,6,0
TCLU8897243,1,59,48,6,4,2022/10/31 19:19,,276,MED1,GRPIR,1,2.25,9800,3,0
TLLU4089121,1,66,12,1,3,2022/10/31 20:17,,277,MED1,GRPIR,1,2.25,13652,4,0
FCIU9606576,1,66,12,1,4,2022/10/31 20:20,,278,MED1,GRPIR,1,2.25,23200,7,0
EMCU8450254,1,5B,18,4,3,2022/10/31 21:26,,279,MED1,GRPIR,1,2.25,17720,5,0
TRHU5248848,1,69,76,2,1,2022/10/31 21:47,,280,MED1,GRPIR,1,2.25,14000,4,0
CRSU9215270,1,5B,74,4,3,2022/10/31 22:07,,281,MED1,FRFOS,1,2.25,14464,4,0
CSNU6247169,1,69,76,2,2,2022/10/31 22:07,,282,MED1,GRPIR,1,2.25,24400,8,0
SEKU6211175,1,63,78,4,1,2022/10/31 22:12,,283,MED1,FRFOS,1,2.25,14464,4,0
CGMU5455279,1,69,28,4,1,2022/10/31 22:14,,284,MED1,GRPIR,1,2.25,31077,10,0
CAIU7111693,1,63,78,4,2,2022/10/31 22:16,,285,MED1,FRFOS,1,2.25,14619,4,0
TGBU5345459,1,7A,18,2,1,2022/10/31 22:17,,286,MED1,GRPIR,1,2.25,29000,9,0
OOLU6849230,1,55,44,4,1,2022/10/31 22:18,,287,MED1,ESVLC,1,2.25,13453,4,0
OOLU9593521,1,6C,48,6,1,2022/10/31 22:19,,288,MED1,ESVLC,1,2.25,23182.2,7,0
EGSU9022985,1,69,76,2,3,2022/10/31 22:20,,289,MED1,GRPIR,1,2.25,27779,9,0
OOCU8758106,1,63,82,5,1,2022/10/31 22:20,,290,MED1,ITGOA,1,2.25,21387,7,0
CGMU9375417,1,7A,18,2,2,2022/10/31 22:20,,291,MED1,GRPIR,1,2.25,31155,10,0
GESU6107325,1,75,52,2,1,2022/10/31 22:21,,292,MED1,ITGOA,1,2.25,10943.1,3,0
OOLU8632330,1,7A,18,1,1,2022/10/31 22:24,,293,MED1,GRPIR,1,2.25,16900,5,0
TRHU4376567,1,57,44,2,1,2022/10/31 22:24,,294,MED1,ESVLC,1,2.25,24534.6,8,0
OOLU4293331,1,5B,66,5,1,2022/10/31 22:26,,295,MED1,SGSIN,1,2,13768,4,0
GAOU6804882,1,63,78,4,3,2022/10/31 22:26,,296,MED1,FRFOS,1,2.25,14464,4,0
TCLU1282099,1,7A,18,2,3,2022/10/31 22:27,,297,MED1,GRPIR,1,2.25,31175,10,0
WICU1398322,1,75,39,1,1,2022/10/31 22:27,,298,MED1,FRFOS,1,1,4959.7,1,0
SLSU8017269,1,55,44,3,1,2022/10/31 22:27,,299,MED1,ESVLC,1,2.25,24620,8,0
FDCU0104371,1,69,28,4,2,2022/10/31 22:28,,300,MED1,GRPIR,1,2.25,23470,7,0
BMOU5614683,1,63,82,5,2,2022/10/31 22:30,,301,MED1,ITGOA,1,2.25,27763,9,0
TCNU6838953,1,7A,18,1,2,2022/10/31 22:30,,302,MED1,GRPIR,1,2.25,18690,6,0
FCIU9383364,1,7A,18,2,4,2022/10/31 22:33,,303,MED1,GRPIR,1,2.25,20770,6,0
CSNU6422322,1,6C,48,4,1,2022/10/31 22:34,,304,MED1,ITSPE,1,2.25,15154,5,0
BEAU5777238,1,75,52,2,2,2022/10/31 22:34,,305,MED1,ITGOA,1,2.25,24400,8,0
CCLU7169479,1,55,44,2,1,2022/10/31 22:35,,306,MED1,SGSIN,1,2.25,9733,3,0
TRLU8619581,1,69,36,2,1,2022/10/31 22:36,,307,MED1,ITGOA,1,2,10915,3,0
FSCU5111135,1,5B,66,2,1,2022/10/31 22:37,,308,MED1,GRPIR,1,2,29247,9,0
OOLU4429710,1,69,36,2,2,2022/10/31 22:39,,309,MED1,ITGOA,1,2,11099,3,0
CSNU7816681,1,6C,48,5,1,2022/10/31 22:39,,310,MED1,ESVLC,1,2.25,10705.9,3,0
TRLU8827585,1,75,39,2,2,2022/10/31 22:41,,311,MED1,GRPIR,1,1,19800,6,0
OOCU7908006,1,6C,48,5,2,2022/10/31 22:43,,312,MED1,ESVLC,1,2.25,13865,4,0
TEMU3985272,1,75,39,5,3,2022/10/31 22:46,,313,MED1,GRPIR,1,1,18882,6,0
CSNU7267832,1,6C,48,1,1,2022/10/31 22:47,,314,MED1,ESVLC,1,2.25,16468,5,0
UETU5118683,1,69,28,4,3,2022/10/31 22:48,,315,MED1,GRPIR,1,2.25,24960,8,0
TCNU1348130,1,62,52,5,1,2022/10/31 22:48,,316,MED1,GRPIR,1,2.25,10762,3,0
EGHU8490376,1,57,44,2,2,2022/10/31 22:49,,317,MED1,ESVLC,1,2.25,32120,10,0
OOLU8355811,1,7A,18,1,3,2022/10/31 22:55,,318,MED1,GRPIR,1,2.25,16795,5,0
CSLU6313807,1,57,44,2,3,2022/10/31 22:57,,319,MED1,ESVLC,1,2.25,25640,8,0
EGHU9291229,1,69,28,4,4,2022/10/31 22:57,,320,MED1,GRPIR,1,2.25,29243,9,0
CSLU6211132,1,63,34,4,2,2022/10/31 23:00,,321,MED1,ITGOA,1,2.25,16480,5,0
OOLU7805581,1,69,36,2,3,2022/10/31 23:02,,322,MED1,ITGOA,1,2,8893,2,0
FFAU2894241,1,57,44,1,1,2022/10/31 23:08,,323,MED1,ITSPE,1,2.25,21699,7,0
CSNU8209039,1,69,28,4,5,2022/10/31 23:21,,324,MED1,GRPIR,1,2.25,25114.7,8,0
TCNU6175906,1,7A,18,1,4,2022/10/31 23:24,,325,MED1,GRPIR,1,2.25,20190,6,0
CMAU7960013,1,63,78,4,4,2022/10/31 23:25,,326,MED1,FRFOS,1,2.25,12880,4,0
OOCU4727051,1,69,36,2,4,2022/10/31 23:29,,327,MED1,ITGOA,1,2,9442,3,0
SEGU4941436,1,75,52,2,3,2022/10/31 23:33,,328,MED1,ITGOA,1,2.25,24400,8,0
SEKU4547108,1,6C,48,5,3,2022/10/31 23:44,,329,MED1,ESVLC,1,2.25,14240,4,0
SEKU5842540,1,41,80,4,2,2022/10/31 23:52,,330,MED1,ITGOA,1,2.25,10446,3,0
TEMU4837006,1,62,25,4,5,2022/10/31 23:52,,331,MED1,GRPIR,1,1,7741,2,0
CBHU9424450,1,6C,48,6,2,2022/10/31 23:56,,332,MED1,ESVLC,1,2.25,24826,8,0
OOLU9634235,1,75,52,2,4,2022/10/31 23:59,,333,MED1,ITGOA,1,2.25,20607,6,0
OOLU1098769,1,66,85,6,4,2022/11/1 0:02,,334,MED1,GRPIR,1,1,5704,1,0
TRHU5499186,1,54,18,3,1,2022/11/1 0:02,,335,MED1,GRPIR,1,2.25,15180,5,0
OOLU8576582,1,62,52,5,2,2022/11/1 0:03,,336,MED1,GRPIR,1,2.25,27348,9,0
GESU1400140,1,63,73,3,1,2022/11/1 0:12,,337,MED1,GRPIR,1,1,8595,2,0
OOLU9897951,1,6C,48,5,4,2022/11/1 0:21,,338,MED1,ESVLC,1,2.25,12720,4,0
CSNU8346129,1,54,18,1,1,2022/11/1 0:21,,339,MED1,GRPIR,1,2.25,20155,6,0
EGSU9184008,1,64,66,2,1,2022/11/1 0:23,,340,MED1,ITGOA,1,2.25,8987,2,0
BSIU9467565,1,6C,48,6,3,2022/11/1 0:26,,341,MED1,ESVLC,1,2.25,31850,10,0
EGHU9110613,1,62,52,6,1,2022/11/1 0:28,,342,MED1,GRPIR,1,2.25,32250,10,0
TCNU5916943,1,62,52,6,2,2022/11/1 0:53,,343,MED1,GRPIR,1,2.25,28240,9,0
SEKU5511141,1,65,80,3,1,2022/11/1 1:20,,344,MED1,ITGOA,1,2.25,11335,3,0
DFSU1044049,1,7A,25,5,1,2022/11/1 1:24,,345,MED1,ITGOA,1,1,6413,2,0
TRHU5341349,1,69,84,2,1,2022/11/1 1:24,,346,MED1,GRPIR,1,2.25,15840,5,0
APHU6738343,1,64,66,2,2,2022/11/1 1:25,,347,MED1,ITGOA,1,2.25,9712,3,0
OOCU8044500,1,62,52,6,3,2022/11/1 1:33,,348,MED1,GRPIR,1,2.25,22800,7,0
CMAU6760345,1,64,66,2,3,2022/11/1 1:37,,349,MED1,ITGOA,1,2.25,27763,9,0
EGHU8440040,1,67,58,6,1,2022/11/1 1:45,,350,MED1,ITGOA,1,2.25,8987,2,0
FCIU5125361,1,75,39,5,2,2022/11/1 1:59,,351,MED1,GRPIR,1,1,19222,6,0
TGBU9286760,1,67,82,4,1,2022/11/1 2:15,,352,MED1,GRPIR,1,2.25,11470,3,0
DRYU2782616,1,63,73,3,2,2022/11/1 2:31,,353,MED1,GRPIR,1,1,5300,1,0
CSLU6277490,1,62,52,6,4,2022/11/1 2:42,,354,MED1,GRPIR,1,2.25,26680,8,0
OOLU9916671,1,64,66,3,1,2022/11/1 3:25,,355,MED1,ITGOA,1,2.25,11540.1,3,0
EGSU9001827,1,62,52,5,3,2022/11/1 3:33,,356,MED1,GRPIR,1,2.25,30500,10,0
CCLU7766258,1,55,44,2,2,2022/11/1 3:57,,357,MED1,SGSIN,1,2.25,15922,5,0
BMOU4407362,1,54,18,3,2,2022/11/1 4:14,,358,MED1,GRPIR,1,2.25,16780,5,0
TGHU5131680,1,69,36,2,5,2022/11/1 4:15,,359,MED1,ITGOA,1,2,9629,3,0
TCNU9813389,1,63,78,3,1,2022/11/1 4:22,,360,MED1,FRFOS,1,2.25,15400,5,0
OOLU9567306,1,62,52,5,4,2022/11/1 4:36,,361,MED1,GRPIR,1,2.25,20780,6,0
TGBU5896451,1,62,52,5,5,2022/11/1 4:43,,362,MED1,GRPIR,1,2.25,30000,10,0
CSNU7276161,1,55,44,2,3,2022/11/1 4:57,,363,MED1,SGSIN,1,2.25,13890.5,4,0
OOCU8078710,1,67,58,6,2,2022/11/1 5:01,,364,MED1,ITGOA,1,2.25,7989,2,0
SEGU4605745,1,54,18,1,2,2022/11/1 5:19,,365,MED1,GRPIR,1,2.25,29195,9,0
BMOU6711097,1,63,78,4,5,2022/11/1 5:27,,366,MED1,FRFOS,1,2.25,10890.3,3,0
CAIU9328461,1,63,78,3,2,2022/11/1 5:38,,367,MED1,FRFOS,1,2.25,22425.6,7,0
DRYU2482943,1,75,39,1,2,2022/11/1 5:40,,368,MED1,FRFOS,1,1,4801,1,0
TGBU4962013,1,69,84,2,2,2022/11/1 5:45,,369,MED1,GRPIR,1,2.25,23996,7,0
FCIU9562040,1,6C,42,4,1,2022/11/1 5:53,,370,MED1,GRPIR,1,2.25,11330,3,0
NEOU2209240,1,75,39,1,3,2022/11/1 6:05,,371,MED1,FRFOS,1,1,4722,1,0
FCIU3736042,1,62,25,1,1,2022/11/1 6:06,,372,MED1,GRPIR,1,1,10186,3,0
TCNU5138153,1,67,66,2,1,2022/11/1 6:17,,373,MED1,FRFOS,1,2.25,16840,5,0
WICU1397990,1,75,39,1,4,2022/11/1 6:21,,374,MED1,FRFOS,1,1,21909.9,7,0
CCLU7950732,1,6C,42,4,2,2022/11/1 6:30,,375,MED1,GRPIR,1,2.25,13110,4,0
TGHU5075967,1,66,78,3,1,2022/11/1 6:37,,376,MED1,ITGOA,1,2,13640,4,0
TLLU5096465,1,67,66,2,2,2022/11/1 6:42,,377,MED1,FRFOS,1,2.25,12880,4,0
TCKU6503030,1,62,52,4,4,2022/11/1 6:47,,378,MED1,GRPIR,1,2.25,28500,9,0
OOLU6892730,1,6C,48,1,2,2022/11/1 6:48,,379,MED1,ESVLC,1,2.25,23695,7,0
APHU7136844,1,63,46,2,1,2022/11/1 6:52,,380,MED1,FRFOS,1,2.25,12880,4,0
FFAU2601940,1,64,66,4,1,2022/11/1 6:53,,381,MED1,ITGOA,1,2.25,10736,3,0
CSNU6379273,1,6C,18,4,1,2022/11/1 6:58,,382,MED1,SGSIN,1,2.25,9781,3,0
OOCU8371930,1,69,84,2,3,2022/11/1 6:59,,383,MED1,GRPIR,1,2.25,24400,8,0
TRHU5485080,1,6C,18,4,2,2022/11/1 7:01,,384,MED1,SGSIN,1,2.25,8863,2,0
CMAU4271324,1,6C,42,4,3,2022/11/1 7:03,,385,MED1,GRPIR,1,2.25,10748.6,3,0
SEGU4177673,1,6C,48,1,3,2022/11/1 7:19,,386,MED1,ESVLC,1,2.25,23970,7,0
EGHU9737202,1,64,66,4,2,2022/11/1 7:22,,387,MED1,ITGOA,1,2.25,8987,2,0
TLLU4026648,1,64,66,4,3,2022/11/1 7:25,,388,MED1,ITGOA,1,2.25,8987,2,0
TGBU9972586,1,64,66,4,4,2022/11/1 7:28,,389,MED1,ITGOA,1,2.25,8361,2,0
FFAU3243521,1,6C,48,5,5,2022/11/1 7:29,,390,MED1,ESVLC,1,2.25,11912,3,0
EITU9319327,1,64,48,5,1,2022/11/1 7:39,,391,MED1,ITGOA,1,2.25,8987,2,0
TLLU4804596,1,7A,46,6,1,2022/11/1 7:40,,392,MED1,FRFOS,1,2.25,15400,5,0
TGBU4523113,1,64,66,4,5,2022/11/1 7:43,,393,MED1,ITGOA,1,2.25,8987,2,0
SEKU5713374,1,63,78,3,3,2022/11/1 7:44,,394,MED1,FRFOS,1,2.25,12880,4,0
EISU9883689,1,64,66,3,2,2022/11/1 7:46,,395,MED1,ITGOA,1,2.25,12640,4,0
OOCU7505994,1,55,44,4,2,2022/11/1 7:49,,396,MED1,ESVLC,1,2.25,13650,4,0
CCLU7641570,1,89,46,5,1,2022/11/1 8:18,,397,MED1,GRPIR,1,2.25,9715,3,0
CMAU5884824,1,63,78,3,4,2022/11/1 8:25,,398,MED1,FRFOS,1,2.25,12880,4,0
FSCU8701372,1,55,44,2,4,2022/11/1 8:40,,399,MED1,SGSIN,1,2.25,10800,3,0
TGBU5831698,1,63,78,3,5,2022/11/1 8:41,,400,MED1,FRFOS,1,2.25,16840,5,0
CMAU9171879,1,54,18,1,3,2022/11/1 8:42,,401,MED1,GRPIR,1,2.25,28966,9,0
CAAU5720872,1,69,84,2,4,2022/11/1 8:47,,402,MED1,GRPIR,1,2.25,23188.4,7,0
OOCU7873609,1,54,18,1,4,2022/11/1 9:15,,403,MED1,GRPIR,1,2.25,22940,7,0
EISU9454405,1,64,48,5,2,2022/11/1 9:18,,404,MED1,ITGOA,1,2.25,8987,2,0
BSIU9473064,1,55,44,4,3,2022/11/1 9:26,,405,MED1,ESVLC,1,2.25,14536,4,0
CSNU7022613,1,62,76,3,1,2022/11/1 9:41,,406,MED1,FRFOS,1,2.25,10505.2,3,0
TCLU4019701,1,63,86,5,1,2022/11/1 9:45,,407,MED1,ITGOA,1,2,8806,2,0
FCIU9902990,1,6C,42,3,5,2022/11/1 9:54,,408,MED1,GRPIR,1,2.25,26750,8,0
DRYU2933950,1,58,57,5,1,2022/11/1 9:54,,409,MED1,FRFOS,1,1,6353.3,2,0
CBHU9452889,1,55,44,4,4,2022/11/1 9:55,,410,MED1,ESVLC,1,2.25,15087,5,0
ECMU9900551,1,7A,46,6,2,2022/11/1 10:00,,411,MED1,FRFOS,1,2.25,15400,5,0
OOCU8771237,1,64,66,3,3,2022/11/1 10:06,,412,MED1,ITGOA,1,2.25,17120,5,0
OOCU7020273,1,64,66,3,4,2022/11/1 10:24,,413,MED1,ITGOA,1,2.25,17750,5,0
TRHU5831789,1,67,82,6,1,2022/11/1 10:27,,414,MED1,GRPIR,1,2.25,29300,9,0
TRHU6036885,1,67,82,6,2,2022/11/1 10:32,,415,MED1,GRPIR,1,2.25,24400,8,0
CBHU4422670,1,58,57,5,2,2022/11/1 10:38,,416,MED1,FRFOS,1,1,8194.1,2,0
CTXU3520055,1,7A,25,5,2,2022/11/1 10:40,,417,MED1,ITGOA,1,1,9060,3,0
CMAU9113949,1,63,86,5,2,2022/11/1 10:53,,418,MED1,ITGOA,1,2,18308,6,0
TEMU6124494,1,6C,18,1,1,2022/11/1 10:54,,419,MED1,ESVLC,1,2.25,12648.5,4,0
EITU9101356,1,55,44,4,5,2022/11/1 10:55,,420,MED1,ESVLC,1,2.25,13548.9,4,0
CAIU3790786,1,58,57,3,1,2022/11/1 10:55,,421,MED1,GRPIR,1,1,6815,2,0
CAAU6173300,1,62,76,3,2,2022/11/1 10:56,,422,MED1,FRFOS,1,2.25,11497,3,0
FFAU2411338,1,6C,18,1,2,2022/11/1 10:58,,423,MED1,ESVLC,1,2.25,6483,2,0
TGBU4522591,1,6C,18,1,3,2022/11/1 11:01,,424,MED1,ESVLC,1,2.25,12746.5,4,0
TRHU5306610,1,67,82,4,2,2022/11/1 11:05,,425,MED1,GRPIR,1,2.25,11576,3,0
FCIU9583017,1,67,82,6,3,2022/11/1 11:08,,426,MED1,GRPIR,1,2.25,24400,8,0
CMAU6937364,1,67,82,6,4,2022/11/1 11:11,,427,MED1,GRPIR,1,2.25,22080,7,0
IMTU9039709,1,64,48,5,3,2022/11/1 11:12,,428,MED1,ITGOA,1,2.25,8987,2,0
TRHU3981054,1,58,57,3,2,2022/11/1 11:13,,429,MED1,GRPIR,1,1,9169,3,0
EITU1078202,1,7A,46,6,3,2022/11/1 11:17,,430,MED1,FRFOS,1,2.25,21464.2,7,0
TGBU4015616,1,64,48,5,4,2022/11/1 11:18,,431,MED1,ITGOA,1,2.25,8987,2,0
TGBU5735375,1,54,18,3,3,2022/11/1 11:23,,432,MED1,GRPIR,1,2.25,28450,9,0
EISU8336603,1,6C,18,1,4,2022/11/1 11:25,,433,MED1,ESVLC,1,2.25,12375.5,4,0
EITU9251103,1,7A,46,6,4,2022/11/1 11:27,,434,MED1,FRFOS,1,2.25,21464.2,7,0
OOLU4491830,1,66,78,3,2,2022/11/1 11:28,,435,MED1,ITGOA,1,2,11123,3,0
OOLU4435307,1,62,72,1,1,2022/11/1 11:30,,436,MED1,ITGOA,1,2,9993.3,3,0
TEMU7172558,1,64,66,3,5,2022/11/1 11:33,,437,MED1,ITGOA,1,2.25,19010,6,0
EISU9201496,1,62,76,3,3,2022/11/1 11:38,,438,MED1,FRFOS,1,2.25,23080.6,7,0
CSNU7258316,1,6C,88,1,1,2022/11/1 11:39,,439,MED1,GRPIR,1,2.25,12688.5,4,0
BMOU3094622,1,69,80,1,1,2022/11/1 11:40,,440,MED1,ITGOA,1,2,12507,4,0
EISU8522932,1,62,76,3,4,2022/11/1 11:41,,441,MED1,FRFOS,1,2.25,23080.6,7,0
FFAU2477593,1,67,82,4,3,2022/11/1 11:43,,442,MED1,GRPIR,1,2.25,24400,8,0
TGBU6610161,1,66,54,1,1,2022/11/1 11:45,,443,MED1,FRFOS,1,2.25,23080.6,7,0
EGHU9382606,1,57,44,2,4,2022/11/1 11:49,,444,MED1,ESVLC,1,2.25,30003,10,0
TGBU6305912,1,67,82,4,4,2022/11/1 11:55,,445,MED1,GRPIR,1,2.25,23292,7,0
TRHU2481136,1,58,57,2,1,2022/11/1 11:57,,446,MED1,SGSIN,1,1,9760,3,0
EGSU9194475,1,62,42,1,1,2022/11/1 12:00,,447,MED1,FRFOS,1,2.25,21464.2,7,0
EITU1326417,1,62,42,1,2,2022/11/1 12:04,,448,MED1,FRFOS,1,2.25,23080.6,7,0
CSNU8075454,1,67,82,4,5,2022/11/1 12:06,,449,MED1,GRPIR,1,2.25,24400,8,0
OOLU9114125,1,62,42,3,1,2022/11/1 12:07,,450,MED1,FRFOS,1,2.25,13562.9,4,0
GESU6627857,1,89,46,5,2,2022/11/1 12:09,,451,MED1,GRPIR,1,2.25,12305,4,0
CCLU5260640,1,66,78,2,5,2022/11/1 12:10,,452,MED1,ITGOA,1,2,10385.8,3,0
OOCU7817204,1,6C,72,3,1,2022/11/1 12:12,,453,MED1,GRPIR,1,2.25,24400,8,0
TGBU9264442,1,6C,72,4,1,2022/11/1 12:15,,454,MED1,GRPIR,1,2.25,10272.2,3,0
TGBU4042099,1,64,48,5,5,2022/11/1 12:17,,455,MED1,ITGOA,1,2.25,12058,4,0
TCKU7812440,1,6C,48,4,2,2022/11/1 12:29,,456,MED1,ITSPE,1,2.25,9465,3,0
TEMU8388109,1,64,66,2,4,2022/11/1 12:33,,457,MED1,ITGOA,1,2.25,24800,8,0
OOLU0706078,1,7A,25,5,3,2022/11/1 12:34,,458,MED1,ITGOA,1,1,19612,6,0
FFAU2311365,1,64,66,2,5,2022/11/1 12:38,,459,MED1,ITGOA,1,2.25,24800,8,0
EMCU8881800,1,6C,72,3,2,2022/11/1 12:39,,460,MED1,GRPIR,1,2.25,26489,8,0
APZU4800546,1,62,72,1,2,2022/11/1 12:40,,461,MED1,ITGOA,1,2,9672,3,0
BMOU5121537,1,6C,72,3,3,2022/11/1 12:42,,462,MED1,GRPIR,1,2.25,24500,8,0
OCGU8007868,1,6C,72,3,4,2022/11/1 12:46,,463,MED1,GRPIR,1,2.25,23292,7,0
CSNU6975117,1,62,42,3,2,2022/11/1 12:47,,464,MED1,FRFOS,1,2.25,11730.8,3,0
OOLU9136459,1,6C,72,3,5,2022/11/1 12:49,,465,MED1,GRPIR,1,2.25,24400,8,0
TRHU2509383,1,58,57,3,3,2022/11/1 12:52,,466,MED1,GRPIR,1,1,17213.7,5,0
BMOU4934928,1,6C,72,4,2,2022/11/1 12:54,,467,MED1,GRPIR,1,2.25,10650,3,0
APHU7337828,1,62,42,1,3,2022/11/1 12:55,,468,MED1,FRFOS,1,2.25,24506.5,8,0
CBHU9191738,1,66,32,3,1,2022/11/1 12:55,,469,MED1,FRFOS,1,2.25,10413.8,3,0
TEMU7198491,1,67,58,6,3,2022/11/1 12:56,,470,MED1,ITGOA,1,2.25,7731,2,0
TCKU2998033,1,75,39,5,1,2022/11/1 13:02,,471,MED1,GRPIR,1,1,17582.9,5,0
OOLU6902674,1,6C,72,4,3,2022/11/1 13:04,,472,MED1,GRPIR,1,2.25,24400,8,0
OOLU9736828,1,6C,72,4,4,2022/11/1 13:07,,473,MED1,GRPIR,1,2.25,24400,8,0
CAAU2195620,1,65,17,6,3,2022/11/1 13:09,,474,MED1,ITGOA,1,1,6314.8,2,0
FSCU8759353,1,6C,72,4,5,2022/11/1 13:11,,475,MED1,GRPIR,1,2.25,24400,8,0
GAOU6288087,1,66,80,5,1,2022/11/1 13:14,,476,MED1,GRPIR,1,2.25,26489,8,0
HMCU9184043,1,66,54,1,2,2022/11/1 13:20,,477,MED1,FRFOS,1,2.25,23080.6,7,0
APZU4859101,1,66,78,1,4,2022/11/1 13:31,,478,MED1,ITGOA,1,2,9615.5,3,0
CSNU1579284,1,7A,25,3,3,2022/11/1 13:34,,479,MED1,ITSPE,1,1,22562,7,0
TCLU5269412,1,66,80,2,1,2022/11/1 13:37,,480,MED1,GRPIR,1,2.25,8261,2,0
TLLU4643953,1,66,80,2,2,2022/11/1 13:39,,481,MED1,GRPIR,1,2.25,7075,2,0
CSNU7667021,1,65,80,3,2,2022/11/1 13:40,,482,MED1,ITGOA,1,2.25,22306,7,0
CAIU9108240,1,6C,48,4,3,2022/11/1 13:42,,483,MED1,ITSPE,1,2.25,19438,6,0
CBHU4197543,1,58,57,2,2,2022/11/1 13:43,,484,MED1,SGSIN,1,1,26300,8,0
OOLU8684817,1,66,54,1,3,2022/11/1 13:47,,485,MED1,FRFOS,1,2.25,21540.2,7,0
APHU6938383,1,66,54,1,4,2022/11/1 13:51,,486,MED1,FRFOS,1,2.25,24212.6,8,0
TLLU4384976,1,66,54,5,1,2022/11/1 13:54,,487,MED1,FRFOS,1,2.25,8430,2,0
EITU1464740,1,6C,18,5,1,2022/11/1 13:55,,488,MED1,ITSPE,1,2.25,14486,4,0
ECMU4418552,1,62,56,6,1,2022/11/1 13:55,,489,MED1,FRFOS,1,2,6959.2,2,0
FSCU8899247,1,66,80,2,3,2022/11/1 13:59,,490,MED1,GRPIR,1,2.25,14300,4,0
TCNU4388224,1,66,80,2,4,2022/11/1 14:08,,491,MED1,GRPIR,1,2.25,13720,4,0
SEKU4681360,1,65,80,3,3,2022/11/1 14:09,,492,MED1,ITGOA,1,2.25,24800,8,0
TGHU4797712,1,67,92,4,1,2022/11/1 14:12,,493,MED1,ITGOA,1,2,8903,2,0
OOCU7408633,1,63,34,4,3,2022/11/1 14:14,,494,MED1,ITGOA,1,2.25,16760,5,0
CCLU5151188,1,64,88,4,1,2022/11/1 14:17,,495,MED1,ITSPE,1,2,15254.8,5,0
EGSU9182263,1,66,80,5,2,2022/11/1 14:17,,496,MED1,GRPIR,1,2.25,31901,10,0
TGBU8953323,1,62,14,4,1,2022/11/1 14:19,,497,MED1,GRPIR,1,2.25,6660.7,2,0
CMAU8401107,1,64,34,3,1,2022/11/1 14:20,,498,MED1,GRPIR,1,2,8222,2,0
EGHU9158730,1,66,32,3,2,2022/11/1 14:22,,499,MED1,FRFOS,1,2.25,13286.1,4,0
OOCU9075212,1,63,34,4,4,2022/11/1 14:24,,500,MED1,ITGOA,1,2.25,16010,5,0
APZU4611239,1,62,56,6,2,2022/11/1 14:24,,501,MED1,FRFOS,1,2,19108.6,6,0
FSCU8490515,1,62,14,4,2,2022/11/1 14:25,,502,MED1,GRPIR,1,2.25,8700,2,0
CBHU9471019,1,66,80,5,3,2022/11/1 14:27,,503,MED1,GRPIR,1,2.25,26900,8,0
TCNU2704133,1,65,80,3,4,2022/11/1 14:28,,504,MED1,ITGOA,1,2.25,24400,8,0
CSNU1458359,1,63,73,3,3,2022/11/1 14:28,,505,MED1,GRPIR,1,1,6606,2,0
DFSU6313259,1,65,80,3,5,2022/11/1 14:30,,506,MED1,ITGOA,1,2.25,27763,9,0
CSNU7505695,1,7A,32,5,1,2022/11/1 14:30,,507,MED1,ITGOA,1,2.25,11080,3,0
BMOU5330012,1,66,80,2,5,2022/11/1 14:31,,508,MED1,GRPIR,1,2.25,11741,3,0
EITU9050372,1,62,14,4,3,2022/11/1 14:31,,509,MED1,GRPIR,1,2.25,23292,7,0
TGHU6294189,1,7A,32,5,2,2022/11/1 14:33,,510,MED1,ITGOA,1,2.25,10809,3,0
CSNU7382796,1,66,80,5,4,2022/11/1 14:34,,511,MED1,GRPIR,1,2.25,25300,8,0
DRYU9425708,1,66,80,5,5,2022/11/1 14:37,,512,MED1,GRPIR,1,2.25,20450,6,0
CMAU4220435,1,52,68,4,1,2022/11/1 14:38,,513,MED1,FRFOS,1,2.25,8342,2,0
EISU8483760,1,67,58,6,4,2022/11/1 14:40,,514,MED1,ITGOA,1,2.25,8987,2,0
CSNU7334294,1,62,14,4,4,2022/11/1 14:40,,515,MED1,GRPIR,1,2.25,29950,9,0
FSCU8672335,1,5B,62,2,1,2022/11/1 14:42,,516,MED1,ESVLC,1,2.25,10662.1,3,0
BMOU6705941,1,64,48,3,1,2022/11/1 14:45,,517,MED1,ITGOA,1,2.25,9264,3,0
APZU4303236,1,62,56,6,3,2022/11/1 14:54,,518,MED1,FRFOS,1,2,20035,6,0
TLLU3284592,1,63,73,3,4,2022/11/1 14:54,,519,MED1,GRPIR,1,1,7252,2,0
OOLU0783372,1,7A,25,5,4,2022/11/1 14:59,,520,MED1,ITGOA,1,1,18200,6,0
CSNU1730805,1,7A,25,5,5,2022/11/1 15:02,,521,MED1,ITGOA,1,1,18200,6,0
CMAU6390934,1,52,68,4,2,2022/11/1 15:18,,522,MED1,FRFOS,1,2.25,12282,4,0
TLLU4226013,1,89,46,3,1,2022/11/1 15:18,,523,MED1,GRPIR,1,2.25,15861,5,0
CSNU7489948,1,54,54,1,1,2022/11/1 15:22,,524,MED1,GRPIR,1,2.25,17460,5,0
CCLU7854071,1,52,68,4,3,2022/11/1 15:22,,525,MED1,FRFOS,1,2.25,7627,2,0
CSNU8112780,1,54,54,1,2,2022/11/1 15:24,,526,MED1,GRPIR,1,2.25,24500,8,0
CSLU6088250,1,6C,96,2,1,2022/11/1 15:26,,527,MED1,GRPIR,1,2.25,11731.9,3,0
FFAU3367672,1,7A,32,5,3,2022/11/1 15:26,,528,MED1,ITGOA,1,2.25,15790,5,0
OOLU9872510,1,52,68,4,4,2022/11/1 15:27,,529,MED1,FRFOS,1,2.25,16779,5,0
EGHU9605839,1,54,54,1,3,2022/11/1 15:27,,530,MED1,GRPIR,1,2.25,31983,10,0
TCNU5388975,1,66,58,1,1,2022/11/1 15:27,,531,MED1,ITGOA,1,2.25,9610,3,0
RFCU5031885,1,89,30,6,1,2022/11/1 15:28,,532,MED1,GRPIR,1,2.25,6560,2,0
OOLU9168585,1,64,48,3,2,2022/11/1 15:29,,533,MED1,ITGOA,1,2.25,24800,8,0
TEMU7843430,1,89,30,6,2,2022/11/1 15:32,,534,MED1,GRPIR,1,2.25,6931.4,2,0
TCLU4245099,1,63,86,5,3,2022/11/1 15:33,,535,MED1,ITGOA,1,2,16346,5,0
BMOU4976477,1,6C,96,2,2,2022/11/1 15:34,,536,MED1,GRPIR,1,2.25,12115,4,0
TEMU6387762,1,6C,96,2,3,2022/11/1 15:36,,537,MED1,GRPIR,1,2.25,15856,5,0
CMAU4576637,1,66,58,1,2,2022/11/1 15:36,,538,MED1,ITGOA,1,2.25,10637,3,0
DFSU1583966,1,63,73,3,5,2022/11/1 15:39,,539,MED1,GRPIR,1,1,6041,2,0
CAAU2193377,1,44,43,2,1,2022/11/1 15:40,,540,MED1,ITGOA,1,1,5657,1,0
OOLU4355475,1,64,34,2,1,2022/11/1 15:42,,541,MED1,ESVLC,1,2,7714,2,0
EISU9222293,1,89,30,6,3,2022/11/1 15:43,,542,MED1,GRPIR,1,2.25,9300,3,0
TLLU7517394,1,54,54,1,4,2022/11/1 15:51,,543,MED1,GRPIR,1,2.25,29205,9,0
TGBU9995339,1,57,44,6,1,2022/11/1 15:54,,544,MED1,SGSIN,1,2.25,22856,7,0
CAAU2193401,1,58,55,3,1,2022/11/1 16:01,,545,MED1,ITGOA,1,1,5282.5,1,0
CSLU6293188,1,6C,96,2,4,2022/11/1 16:04,,546,MED1,GRPIR,1,2.25,28704,9,0
NEOU2209466,1,58,57,5,3,2022/11/1 16:05,,547,MED1,FRFOS,1,1,20390,6,0
TEMU6419221,1,62,14,4,5,2022/11/1 16:08,,548,MED1,GRPIR,1,2.25,24500,8,0
OOLU9535680,1,69,24,3,1,2022/11/1 16:13,,549,MED1,GRPIR,1,2.25,12205,4,0
TRHU1160213,1,6A,63,2,2,2022/11/1 16:18,,550,MED1,SGSIN,1,1,5630,1,0
OOLU9496820,1,69,24,3,2,2022/11/1 16:26,,551,MED1,GRPIR,1,2.25,22620,7,0
CCLU7939287,1,89,30,2,2,2022/11/1 16:28,,552,MED1,GRPIR,1,2.25,9269.2,3,0
FFAU2420751,1,51,12,2,1,2022/11/1 16:30,,553,MED1,GRPIR,1,2.25,13720,4,0
EGHU8325073,1,6C,18,5,2,2022/11/1 16:31,,554,MED1,ITSPE,1,2.25,13504,4,0
OOLU9619586,1,89,30,6,4,2022/11/1 16:32,,555,MED1,GRPIR,1,2.25,10475,3,0
SEGU4250136,1,51,12,3,1,2022/11/1 16:32,,556,MED1,GRPIR,1,2.25,18150,6,0
DFSU7046985,1,66,58,1,3,2022/11/1 16:38,,557,MED1,ITGOA,1,2.25,13570,4,0
CCLU7105978,1,57,44,6,2,2022/11/1 16:40,,558,MED1,SGSIN,1,2.25,31100,10,0
CBHU9415735,1,6C,18,5,3,2022/11/1 16:45,,559,MED1,ITSPE,1,2.25,13544.4,4,0
SEGU1545961,1,58,55,2,1,2022/11/1 16:47,,560,MED1,ITGOA,1,1,18200,6,0
CBHU4470982,1,58,55,2,2,2022/11/1 16:50,,561,MED1,ITGOA,1,1,18200,6,0
OOCU7886653,1,41,38,1,1,2022/11/1 16:51,,562,MED1,ITGOA,1,2.25,8524,2,0
SEGU1009193,1,58,55,3,2,2022/11/1 16:53,,563,MED1,ITGOA,1,1,8430,2,0
SEKU6331442,1,51,94,6,1,2022/11/1 16:54,,564,MED1,FRFOS,1,2.25,8840,2,0
EITU1000930,1,51,12,2,2,2022/11/1 17:02,,565,MED1,GRPIR,1,2.25,13531,4,0
XHCU5428492,1,66,58,1,4,2022/11/1 17:06,,566,MED1,ITGOA,1,2.25,14267.2,4,0
CMAU9483239,1,64,48,3,3,2022/11/1 17:14,,567,MED1,ITGOA,1,2.25,27763,9,0
EMCU8463689,1,6C,18,5,4,2022/11/1 17:18,,568,MED1,ITSPE,1,2.25,12316,4,0
CMAU6909172,1,51,94,6,2,2022/11/1 17:19,,569,MED1,FRFOS,1,2.25,13216,4,0
TGBU2317983,1,51,67,4,1,2022/11/1 17:23,,570,MED1,ITSPE,1,1,4850,1,0
TRHU8559519,1,66,32,3,3,2022/11/1 17:28,,571,MED1,FRFOS,1,2.25,8992,2,0
TEMU7607080,1,6C,18,5,5,2022/11/1 17:31,,572,MED1,ITSPE,1,2.25,11274,3,0
EISU9453693,1,51,12,3,2,2022/11/1 17:31,,573,MED1,GRPIR,1,2.25,16650,5,0
FFAU3103005,1,66,74,3,1,2022/11/1 17:33,,574,MED1,FRFOS,1,2.25,16200,5,0
TCNU5130445,1,89,30,4,1,2022/11/1 17:33,,575,MED1,GRPIR,1,2.25,10062,3,0
TCNU2274618,1,51,12,1,1,2022/11/1 17:33,,576,MED1,GRPIR,1,2.25,22789.6,7,0
TRHU6566020,1,51,12,2,3,2022/11/1 17:36,,577,MED1,GRPIR,1,2.25,14120,4,0
DRYU9686996,1,CS,12,1,1,2022/11/1 17:37,,578,MED1,ITGOA,1,2.25,10713.5,3,0
FSCU8664983,1,51,12,1,2,2022/11/1 17:39,,579,MED1,GRPIR,1,2.25,28490,9,0
TCKU7972751,1,57,44,6,3,2022/11/1 17:40,,580,MED1,SGSIN,1,2.25,27180,9,0
EGHU1054811,1,64,88,4,2,2022/11/1 17:42,,581,MED1,ITSPE,1,2,10862,3,0
TCNU6523154,1,57,44,6,4,2022/11/1 17:43,,582,MED1,SGSIN,1,2.25,31100,10,0
FBIU0075081,1,62,35,4,1,2022/11/1 17:46,,583,MED1,GRPIR,1,1,5300.5,1,0
FCIU9290575,1,66,32,3,4,2022/11/1 17:52,,584,MED1,FRFOS,1,2.25,11065.6,3,0
TRHU5338089,1,51,12,1,3,2022/11/1 17:53,,585,MED1,GRPIR,1,2.25,24500,8,0
OOLU6878876,1,64,48,3,4,2022/11/1 17:55,,586,MED1,ITGOA,1,2.25,22306,7,0
GAOU6414586,1,5B,62,2,2,2022/11/1 17:58,,587,MED1,ESVLC,1,2.25,29988,9,0
FCIU7512694,1,51,12,3,3,2022/11/1 18:05,,588,MED1,GRPIR,1,2.25,29100,9,0
EMCU8522101,1,5B,62,2,3,2022/11/1 18:06,,589,MED1,ESVLC,1,2.25,26240,8,0
CMAU4598169,1,62,22,4,5,2022/11/1 18:09,,590,MED1,ITGOA,1,2.25,10204,3,0
TCNU7357839,1,51,12,3,4,2022/11/1 18:10,,591,MED1,GRPIR,1,2.25,21740,7,0
EITU9111626,1,51,12,1,4,2022/11/1 18:15,,592,MED1,GRPIR,1,2.25,22720,7,0
TCNU1678786,1,66,80,6,4,2022/11/1 18:15,,593,MED1,GRPIR,1,2.25,15475,5,0
APZU4360447,1,62,56,6,4,2022/11/1 18:18,,594,MED1,FRFOS,1,2,6234.2,2,0
CMAU8656108,1,41,12,2,2,2022/11/1 18:19,,595,MED1,FRFOS,1,2.25,9980,3,0
CSNU6433749,1,55,44,3,2,2022/11/1 18:20,,596,MED1,ESVLC,1,2.25,22785,7,0
BMOU5390829,1,51,12,2,4,2022/11/1 18:22,,597,MED1,GRPIR,1,2.25,18999,6,0
FSCU7086622,1,5E,20,3,2,2022/11/1 18:24,,598,MED1,GRPIR,1,2.25,21300,7,0
EGHU9483540,1,67,40,6,3,2022/11/1 18:27,,599,MED1,GRPIR,1,2.25,22720,7,0
EISU9157583,1,44,60,5,2,2022/11/1 18:29,,600,MED1,ITSPE,1,2.25,13504,4,0
OOLU8655510,1,66,78,1,3,2022/11/1 18:31,,601,MED1,GRPIR,1,2.25,10475,3,0
EITU1875593,1,44,60,5,3,2022/11/1 18:32,,602,MED1,ITSPE,1,2.25,14044,4,0
BMOU3106657,1,64,88,4,3,2022/11/1 18:35,,603,MED1,ITSPE,1,2,10664,3,0
OOLU9208369,1,44,60,5,4,2022/11/1 18:36,,604,MED1,ITSPE,1,2.25,11614,3,0
TGBU7963749,1,41,66,6,2,2022/11/1 18:39,,605,MED1,GRPIR,1,2.25,13522.8,4,0
OOLU0128513,1,58,55,3,3,2022/11/1 18:40,,606,MED1,ITGOA,1,1,5307.1,1,0
TGHU1226725,1,62,35,4,2,2022/11/1 18:42,,607,MED1,GRPIR,1,1,4624.5,1,0
EGHU9646756,1,67,40,3,2,2022/11/1 18:42,,608,MED1,GRPIR,1,2.25,22720,7,0
SEGU3220604,1,48,75,2,3,2022/11/1 18:44,,609,MED1,ITGOA,1,1,18200,6,0
DFSU1090743,1,58,55,3,4,2022/11/1 18:48,,610,MED1,ITGOA,1,1,18200,6,0
TRHU4232092,1,41,38,4,5,2022/11/1 18:48,,611,MED1,ITGOA,1,2.25,12693,4,0
TCNU3994989,1,67,40,6,4,2022/11/1 18:48,,612,MED1,GRPIR,1,2.25,29900,9,0
DFSU1583462,1,58,55,2,3,2022/11/1 18:50,,613,MED1,ITGOA,1,1,18200,6,0
OOLU8924625,1,41,38,4,4,2022/11/1 18:51,,614,MED1,ITGOA,1,2.25,14499,4,0
CSNU7783762,1,57,44,1,2,2022/11/1 18:51,,615,MED1,ITSPE,1,2.25,23800,7,0
FCIU9509679,1,67,40,5,2,2022/11/1 18:51,,616,MED1,GRPIR,1,2.25,11287,3,0
TLLU7702730,1,7A,32,5,4,2022/11/1 18:52,,617,MED1,ITGOA,1,2.25,18370,6,0
TGBU8765922,1,67,40,5,3,2022/11/1 18:54,,618,MED1,GRPIR,1,2.25,12207,4,0
FFAU4221430,1,66,70,2,1,2022/11/1 18:54,,619,MED1,ITGOA,1,2.25,6548.4,2,0
BEAU5608860,1,4A,30,2,4,2022/11/1 18:56,,620,MED1,ESVLC,1,2.25,20196,6,0
CMAU2043027,1,51,67,4,2,2022/11/1 18:58,,621,MED1,ITSPE,1,1,12944,4,0
OOLU4955870,1,65,32,5,2,2022/11/1 19:04,,622,MED1,GRPIR,1,2.25,12464,4,0
OOLU9752900,1,67,40,3,3,2022/11/1 19:08,,623,MED1,GRPIR,1,2.25,29900,9,0
CAAU6118427,1,65,84,4,2,2022/11/1 19:09,,624,MED1,GRPIR,1,2.25,11857,3,0
EISU1859963,1,52,76,5,1,2022/11/1 19:09,,625,MED1,ITSPE,1,2,8688,2,0
OOCU7440698,1,53,42,2,1,2022/11/1 19:12,,626,MED1,FRFOS,1,2.25,14520,4,0
TLLU4536024,1,66,32,3,5,2022/11/1 19:13,,627,MED1,FRFOS,1,2.25,12282,4,0
BSIU9977785,1,67,40,3,4,2022/11/1 19:13,,628,MED1,GRPIR,1,2.25,22720,7,0
CBHU9461371,1,65,84,4,3,2022/11/1 19:13,,629,MED1,GRPIR,1,2.25,12010.9,4,0
OOCU8363261,1,62,22,1,1,2022/11/1 19:15,,630,MED1,ITGOA,1,2.25,16860,5,0
BEAU6309972,1,67,40,3,5,2022/11/1 19:16,,631,MED1,GRPIR,1,2.25,22720,7,0
GAOU6062850,1,65,84,4,4,2022/11/1 19:16,,632,MED1,GRPIR,1,2.25,13850,4,0
EMCU8580392,1,53,42,2,2,2022/11/1 19:17,,633,MED1,FRFOS,1,2.25,9964.1,3,0
DFSU7263574,1,53,42,2,3,2022/11/1 19:18,,634,MED1,FRFOS,1,2.25,28929.5,9,0
OOLU9738271,1,66,74,3,2,2022/11/1 19:19,,635,MED1,FRFOS,1,2.25,16660,5,0
EISU9369540,1,89,30,4,2,2022/11/1 19:21,,636,MED1,GRPIR,1,2.25,8860.2,2,0
CAIU8622595,1,56,38,4,1,2022/11/1 19:25,,637,MED1,ESVLC,1,2.25,14966.5,4,0
BSIU9359215,1,55,74,5,1,2022/11/1 19:25,,638,MED1,ITGOA,1,2.25,14138,4,0
NEOU2209620,1,4A,51,4,2,2022/11/1 19:29,,639,MED1,FRFOS,1,1,20820,6,0
TGBU6900556,1,55,74,5,2,2022/11/1 19:29,,640,MED1,ITGOA,1,2.25,11892,3,0
TEMU2904337,1,7A,25,3,4,2022/11/1 19:31,,641,MED1,ITSPE,1,1,22997,7,0
OOLU7548499,1,64,88,4,4,2022/11/1 19:33,,642,MED1,ITSPE,1,2,18632,6,0
TRHU5018871,1,89,30,4,3,2022/11/1 19:35,,643,MED1,GRPIR,1,2.25,7900,2,0
CSNU7591775,1,65,84,4,5,2022/11/1 19:38,,644,MED1,GRPIR,1,2.25,10550,3,0
TDRU2972446,1,62,35,4,3,2022/11/1 19:38,,645,MED1,GRPIR,1,1,5199,1,0
GCXU5329809,1,56,38,4,2,2022/11/1 19:38,,646,MED1,ESVLC,1,2.25,14900,4,0
TRLU7285556,1,55,74,3,1,2022/11/1 19:40,,647,MED1,ITGOA,1,2.25,17087,5,0
TCKU6811412,1,4A,30,3,3,2022/11/1 19:42,,648,MED1,ESVLC,1,2.25,14805,4,0
TXGU5651940,1,66,70,2,2,2022/11/1 19:43,,649,MED1,ITGOA,1,2.25,9459,3,0
CAAU5334653,1,67,40,5,2,2022/11/1 19:47,,650,MED1,GRPIR,1,2.25,18480,6,0
CSNU6607389,1,89,30,4,4,2022/11/1 19:53,,651,MED1,GRPIR,1,2.25,5600,1,0
EISU8242227,1,62,22,1,2,2022/11/1 19:55,,652,MED1,ITGOA,1,2.25,17170,5,0
OOLU9928749,1,89,30,3,1,2022/11/1 19:57,,653,MED1,GRPIR,1,2.25,9251,3,0
EITU1878479,1,67,40,2,2,2022/11/1 19:58,,654,MED1,GRPIR,1,2.25,25040,8,0
CAIU3295458,1,75,47,6,1,2022/11/1 20:01,,655,MED1,ESVLC,1,1,20144,6,0
GCXU5641524,1,96,16,5,1,2022/11/1 20:11,,656,MED1,GRPIR,1,2.25,11798,3,0
CMAU6281677,1,89,70,4,1,2022/11/1 20:12,,657,MED1,FRFOS,1,2.25,9273,3,0
CAIU8655048,1,96,16,5,2,2022/11/1 20:14,,658,MED1,GRPIR,1,2.25,13200,4,0
CBHU5698072,1,75,47,5,1,2022/11/1 20:15,,659,MED1,FRFOS,1,1,6400,2,0
OOLU4282893,1,67,92,4,2,2022/11/1 20:19,,660,MED1,ITGOA,1,2,10820,3,0
TGHU1185945,1,44,91,5,3,2022/11/1 20:22,,661,MED1,FRFOS,1,1,6195,2,0
OOCU8347548,1,89,70,4,2,2022/11/1 20:24,,662,MED1,FRFOS,1,2.25,20000,6,0
IMTU9084400,1,66,78,2,2,2022/11/1 20:25,,663,MED1,GRPIR,1,2.25,19813,6,0
EGHU9691800,1,55,74,3,2,2022/11/1 20:29,,664,MED1,ITGOA,1,2.25,16277,5,0
CSLU1572209,1,7A,25,3,5,2022/11/1 20:31,,665,MED1,ITSPE,1,1,6704,2,0
SEKU4369813,1,4E,88,4,1,2022/11/1 20:32,,666,MED1,ESVLC,1,2.25,9776.3,3,0
TRHU6578588,1,67,40,2,3,2022/11/1 20:34,,667,MED1,GRPIR,1,2.25,29205,9,0
CSLU2376242,1,44,91,6,2,2022/11/1 20:35,,668,MED1,ESVLC,1,1,10272.8,3,0
CMAU6257351,1,55,74,5,3,2022/11/1 20:37,,669,MED1,ITGOA,1,2.25,11033,3,0
NEOU2209281,1,75,47,5,2,2022/11/1 20:38,,670,MED1,FRFOS,1,1,5213,1,0
FBIU0387074,1,CS,10,1,1,2022/11/1 20:38,,671,MED1,ESVLC,1,1,6448,2,0
OOLU9870328,1,66,78,2,3,2022/11/1 20:40,,672,MED1,GRPIR,1,2.25,18666.4,6,0
EITU1242403,1,44,60,5,5,2022/11/1 20:41,,673,MED1,ITSPE,1,2.25,12316,4,0
TRHU3920043,1,75,47,5,3,2022/11/1 20:41,,674,MED1,FRFOS,1,1,3890,1,0
EISU8030296,1,47,20,6,4,2022/11/1 20:41,,675,MED1,GRPIR,1,2.25,24660,8,0
FFAU2432768,1,41,66,5,3,2022/11/1 20:43,,676,MED1,GRPIR,1,2.25,12303,4,0
GCXU5625360,1,66,78,5,5,2022/11/1 20:43,,677,MED1,GRPIR,1,2.25,27120,9,0
CSLU2252832,1,62,35,4,5,2022/11/1 20:44,,678,MED1,GRPIR,1,1,12797,4,0
FCIU9663370,1,41,66,5,4,2022/11/1 20:45,,679,MED1,GRPIR,1,2.25,11130.3,3,0
SEKU4369270,1,67,40,2,2,2022/11/1 20:46,,680,MED1,GRPIR,1,2.25,29900,9,0
EGHU9800007,1,55,74,5,4,2022/11/1 20:47,,681,MED1,ITGOA,1,2.25,10127,3,0
TGBU8621437,1,55,74,5,5,2022/11/1 20:50,,682,MED1,ITGOA,1,2.25,10410,3,0
DRYU9824185,1,96,16,5,3,2022/11/1 20:51,,683,MED1,GRPIR,1,2.25,12006,4,0
FSCU8602786,1,67,40,2,3,2022/11/1 20:51,,684,MED1,GRPIR,1,2.25,29900,9,0
CSNU7653012,1,55,44,2,5,2022/11/1 20:53,,685,MED1,SGSIN,1,2.25,17810,5,0
TGBU4943815,1,62,22,2,1,2022/11/1 20:53,,686,MED1,ITGOA,1,2.25,11870,3,0
TRHU5816357,1,96,16,1,1,2022/11/1 20:54,,687,MED1,GRPIR,1,2.25,28476,9,0
CMAU9226776,1,66,70,2,3,2022/11/1 20:54,,688,MED1,ITGOA,1,2.25,10204,3,0
BMOU4353097,1,66,70,2,4,2022/11/1 20:57,,689,MED1,ITGOA,1,2.25,10204,3,0
OOCU6922247,1,64,48,3,5,2022/11/1 20:57,,690,MED1,ITGOA,1,2.25,24193,8,0
OOLU9814330,1,48,50,1,2,2022/11/1 20:59,,691,MED1,GRPIR,1,2.25,12346.2,4,0
UETU5111246,1,66,78,2,4,2022/11/1 21:00,,692,MED1,GRPIR,1,2.25,18630.4,6,0
TGCU0059482,1,55,74,3,3,2022/11/1 21:03,,693,MED1,ITGOA,1,2.25,27763.2,9,0
TCNU1167528,1,66,74,3,3,2022/11/1 21:04,,694,MED1,FRFOS,1,2.25,8992,2,0
CCLU7714296,1,56,38,4,3,2022/11/1 21:05,,695,MED1,ESVLC,1,2.25,18260,6,0
FFAU2585617,1,6C,18,4,3,2022/11/1 21:07,,696,MED1,SGSIN,1,2.25,18522,6,0
FSCU8823046,1,41,48,2,3,2022/11/1 21:15,,697,MED1,GRPIR,1,2.25,11995,3,0
TGHU6519496,1,67,40,2,4,2022/11/1 21:16,,698,MED1,GRPIR,1,2.25,20805,6,0
CSLU1590202,1,48,75,2,4,2022/11/1 21:16,,699,MED1,ITGOA,1,1,23860,7,0
TCNU5013984,1,67,22,1,1,2022/11/1 21:20,,700,MED1,GRPIR,1,2.25,9982.8,3,0
TRHU4366105,1,54,18,5,1,2022/11/1 21:22,,701,MED1,GRPIR,1,2.25,29000,9,0
FBIU5025479,1,99,42,1,2,2022/11/1 21:22,,702,MED1,ESVLC,1,2.25,28520,9,0
FCIU9601620,1,67,40,2,5,2022/11/1 21:24,,703,MED1,GRPIR,1,2.25,29205,9,0
IMTU1050717,1,64,88,4,5,2022/11/1 21:24,,704,MED1,ITSPE,1,2,12620,4,0
FFAU3445857,1,62,22,1,3,2022/11/1 21:29,,705,MED1,ITGOA,1,2.25,15730,5,0
FFAU3380988,1,67,22,1,2,2022/11/1 21:31,,706,MED1,GRPIR,1,2.25,10014,3,0
CSNU7466120,1,56,38,4,4,2022/11/1 21:31,,707,MED1,ESVLC,1,2.25,12295,4,0
EISU8244472,1,6C,14,4,1,2022/11/1 21:31,,708,MED1,GRPIR,1,2.25,9527.3,3,0
OOLU0326340,1,58,55,4,2,2022/11/1 21:32,,709,MED1,SGSIN,1,1,12439,4,0
TLLU8561339,1,6C,76,4,2,2022/11/1 21:33,,710,MED1,FRFOS,1,2.25,12282,4,0
GESU1146102,1,62,25,3,1,2022/11/1 21:34,,711,MED1,GRPIR,1,1,17704,5,0
TEMU0120629,1,44,29,3,3,2022/11/1 21:38,,712,MED1,ITGOA,1,1,9306.4,3,0
OOLU2994498,1,75,47,5,4,2022/11/1 21:39,,713,MED1,FRFOS,1,1,6386,2,0
TEMU3276338,1,44,43,2,2,2022/11/1 21:43,,714,MED1,ITGOA,1,1,4693.7,1,0
CAAU2194049,1,63,57,2,1,2022/11/1 21:44,,715,MED1,ITGOA,1,1,3473,1,0
OOLU1911903,1,51,67,4,3,2022/11/1 21:47,,716,MED1,ITSPE,1,1,22768,7,0
TCNU3488682,1,96,16,5,4,2022/11/1 21:48,,717,MED1,GRPIR,1,2.25,19191,6,0
CSLU1833160,1,75,47,5,5,2022/11/1 21:50,,718,MED1,FRFOS,1,1,8232.5,2,0
FCIU7087023,1,69,28,6,1,2022/11/1 22:01,,719,MED1,GRPIR,1,2.25,16100,5,0
CAIU9211808,1,6C,18,4,4,2022/11/1 22:02,,720,MED1,SGSIN,1,2.25,16722,5,0
FFAU3311800,1,57,44,1,4,2022/11/1 22:03,,721,MED1,ITSPE,1,2.25,28935.8,9,0
BMOU2724835,1,63,57,2,2,2022/11/1 22:03,,722,MED1,ITGOA,1,1,7272,2,0
FCIU9935490,1,34,42,1,2,2022/11/1 22:06,,723,MED1,ITGOA,1,2.25,9298.8,3,0
OOLU1583487,1,75,39,2,1,2022/11/1 22:07,,724,MED1,ITSPE,1,1,7680,2,0
DFSU1543840,1,69,11,2,1,2022/11/1 22:14,,725,MED1,ITGOA,1,1,12172,4,0
HMCU1093179,1,69,36,4,1,2022/11/1 22:19,,726,MED1,ITSPE,1,2,10664,3,0
TRHU7756112,1,4E,88,2,1,2022/11/1 22:20,,727,MED1,ITSPE,1,2.25,18494,6,0
EGHU9735560,1,4E,88,1,1,2022/11/1 22:25,,728,MED1,ITSPE,1,2.25,14486,4,0
TCLU6579834,1,54,18,5,2,2022/11/1 22:25,,729,MED1,GRPIR,1,2.25,22700,7,0
FCIU4952010,1,51,67,4,4,2022/11/1 22:26,,730,MED1,ITSPE,1,1,8240,2,0
EISU1793681,1,69,80,4,1,2022/11/1 22:27,,731,MED1,ESVLC,1,2,19855.3,6,0
TEMU2593153,1,62,25,1,2,2022/11/1 22:28,,732,MED1,GRPIR,1,1,14398,4,0
TEMU6017752,1,69,24,1,1,2022/11/1 22:33,,733,MED1,GRPIR,1,2.25,29900,9,0
FSCU9348995,1,5B,62,2,4,2022/11/1 22:34,,734,MED1,ESVLC,1,2.25,32000,10,0
FCIU9647528,1,4E,88,2,2,2022/11/1 22:38,,735,MED1,ITSPE,1,2.25,29700,9,0
CSNU6496691,1,4E,88,2,3,2022/11/1 22:44,,736,MED1,ITSPE,1,2.25,21736,7,0
CSNU6639621,1,55,74,3,4,2022/11/1 22:48,,737,MED1,ITGOA,1,2.25,23042.4,7,0
CMAU7199985,1,89,70,4,3,2022/11/1 22:48,,738,MED1,FRFOS,1,2.25,17480,5,0
TCLU6948470,1,51,67,3,1,2022/11/1 22:59,,739,MED1,ITSPE,1,1,16372,5,0
TGBU8745870,1,69,28,6,2,2022/11/1 23:02,,740,MED1,GRPIR,1,2.25,23000,7,0
TCNU2041489,1,96,16,1,2,2022/11/1 23:03,,741,MED1,GRPIR,1,2.25,21221.3,7,0
MAGU5380675,1,69,24,1,2,2022/11/1 23:06,,742,MED1,GRPIR,1,2.25,30980,10,0
TLLU2686895,1,62,25,5,4,2022/11/1 23:08,,743,MED1,GRPIR,1,1,8450,2,0
FCIU5101518,1,6A,63,3,1,2022/11/1 23:12,,744,MED1,GRPIR,1,1,8339.3,2,0
TRDU8679551,1,63,57,2,3,2022/11/1 23:13,,745,MED1,ITGOA,1,1,9965,3,0
BMOU5366761,1,96,16,1,3,2022/11/1 23:13,,746,MED1,GRPIR,1,2.25,22480,7,0
TEMU3348037,1,6A,63,2,1,2022/11/1 23:16,,747,MED1,SGSIN,1,1,9590,3,0
CSNU7457093,1,96,16,5,5,2022/11/1 23:20,,748,MED1,GRPIR,1,2.25,18844,6,0
INKU6135113,1,6C,18,4,5,2022/11/1 23:21,,749,MED1,SGSIN,1,2.25,29980,9,0
EGHU8200564,1,62,22,2,2,2022/11/1 23:28,,750,MED1,ITGOA,1,2.25,12294,4,0
CSNU7526070,1,55,74,3,5,2022/11/1 23:30,,751,MED1,ITGOA,1,2.25,20560,6,0
UETU5348984,1,89,30,3,3,2022/11/1 23:31,,752,MED1,GRPIR,1,2.25,9731,3,0
TGBU4068508,1,55,44,3,3,2022/11/1 23:32,,753,MED1,ESVLC,1,2.25,31491,10,0
OCGU8017803,1,62,22,2,3,2022/11/1 23:33,,754,MED1,ITGOA,1,2.25,11597,3,0
CBHU3457841,1,66,39,4,1,2022/11/1 23:34,,755,MED1,ESVLC,1,1,6660,2,0
BEAU6239303,1,69,24,1,3,2022/11/1 23:36,,756,MED1,GRPIR,1,2.25,30000,10,0
CBHU3966659,1,66,39,4,2,2022/11/1 23:37,,757,MED1,ESVLC,1,1,6983,2,0
CSNU7204557,1,51,12,3,5,2022/11/1 23:38,,758,MED1,GRPIR,1,2.25,27013,9,0
OCGU8006964,1,89,30,3,4,2022/11/1 23:44,,759,MED1,GRPIR,1,2.25,10020,3,0
FFAU2669404,1,69,60,4,1,2022/11/1 23:47,,760,MED1,SGSIN,1,2.25,21880,7,0
OOLU1164599,1,69,11,2,2,2022/11/1 23:53,,761,MED1,ITGOA,1,1,7400.5,2,0
OOLU1922831,1,66,39,4,3,2022/11/2 0:21,,762,MED1,ESVLC,1,1,5909,1,0
APHU7271850,1,89,70,2,1,2022/11/2 0:34,,763,MED1,FRFOS,1,2.25,24416.5,8,0
CSNU8354470,1,96,16,1,4,2022/11/2 0:36,,764,MED1,GRPIR,1,2.25,23568,7,0
DRYU9899369,1,42,42,1,3,2022/11/2 0:41,,765,MED1,GRPIR,1,2.25,14440,4,0
CSNU6039606,1,62,22,1,4,2022/11/2 0:43,,766,MED1,ITGOA,1,2.25,18530,6,0
DRYU9828025,1,4E,88,4,2,2022/11/2 1:06,,767,MED1,ESVLC,1,2.25,8509,2,0
TCLU7435298,1,98,27,4,1,2022/11/2 1:16,,768,MED1,FRFOS,1,1,7354,2,0
TRLU8954189,1,6A,63,3,2,2022/11/2 1:18,,769,MED1,GRPIR,1,1,5531,1,0
SEGU4700470,1,75,92,1,1,2022/11/2 1:25,,770,MED1,ITGOA,1,2.25,27763,9,0
APZU4645162,1,63,22,3,2,2022/11/2 1:37,,771,MED1,ITGOA,1,2,12955,4,0
APHU6582585,1,62,42,3,3,2022/11/2 1:39,,772,MED1,FRFOS,1,2.25,12282,4,0
FCIU9976462,1,89,30,2,1,2022/11/2 1:46,,773,MED1,GRPIR,1,2.25,8480,2,0
TEMU6550268,1,55,44,3,4,2022/11/2 2:32,,774,MED1,ESVLC,1,2.25,24620,8,0
EISU8500300,1,4E,88,4,3,2022/11/2 2:47,,775,MED1,ESVLC,1,2.25,24920,8,0
TRDU8673086,1,98,27,2,1,2022/11/2 3:25,,776,MED1,ITSPE,1,1,3703,1,0
TGBU8544120,1,59,76,1,2,2022/11/2 3:30,,777,MED1,ITGOA,1,2.25,7761,2,0
EGHU3804005,1,7A,25,2,1,2022/11/2 3:36,,778,MED1,GRPIR,1,1,24850,8,0
CSNU7112933,1,56,38,2,1,2022/11/2 3:37,,779,MED1,ESVLC,1,2.25,23735,7,0
FFAU3243291,1,56,38,2,2,2022/11/2 3:46,,780,MED1,ESVLC,1,2.25,23950,7,0
CSNU7104455,1,44,18,1,2,2022/11/2 4:26,,781,MED1,GRPIR,1,2.25,11802,3,0
OOLU9970836,1,62,42,3,4,2022/11/2 4:57,,782,MED1,FRFOS,1,2.25,13679,4,0
BSIU9603738,1,69,60,4,2,2022/11/2 4:59,,783,MED1,SGSIN,1,2.25,31100,10,0
GCXU5153915,1,48,56,1,3,2022/11/2 5:06,,784,MED1,GRPIR,1,2.25,12900,4,0
EGSU1011388,1,67,50,1,1,2022/11/2 5:16,,785,MED1,GRPIR,1,2,21580,7,0
EISU8231114,1,4E,88,1,2,2022/11/2 5:18,,786,MED1,ITSPE,1,2.25,11896,3,0
GLDU5657278,1,62,35,6,1,2022/11/2 5:23,,787,MED1,ITSPE,1,1,5956.6,1,0
TCLU1938124,1,98,27,1,1,2022/11/2 5:25,,788,MED1,ESVLC,1,1,18410,6,0
FSCU4995371,1,67,62,3,1,2022/11/2 5:32,,789,MED1,GRPIR,1,2,14760,4,0
GAOU6311227,1,56,38,2,3,2022/11/2 5:33,,790,MED1,ESVLC,1,2.25,30003,10,0
TCKU6328256,1,75,92,4,1,2022/11/2 5:37,,791,MED1,ITGOA,1,2.25,12967,4,0
CSNU6132154,1,67,22,6,1,2022/11/2 5:47,,792,MED1,GRPIR,1,2.25,12031.8,4,0
RFCU5006856,1,62,52,3,3,2022/11/2 5:57,,793,MED1,GRPIR,1,2.25,25499,8,0
FSCU5100249,1,63,22,3,3,2022/11/2 5:57,,794,MED1,ITGOA,1,2,12701,4,0
TRDU8673300,1,62,35,6,2,2022/11/2 6:06,,795,MED1,ITSPE,1,1,4406,1,0
OOCU7863489,1,67,22,6,2,2022/11/2 6:16,,796,MED1,GRPIR,1,2.25,12753,4,0
EMCU8933170,1,75,92,5,1,2022/11/2 6:17,,797,MED1,ITGOA,1,2.25,10575,3,0
OOLU0548136,1,98,27,2,2,2022/11/2 6:31,,798,MED1,ITSPE,1,1,9988,3,0
OOLU0891633,1,62,35,5,1,2022/11/2 6:39,,799,MED1,GRPIR,1,1,4100,1,0
OOLU8813771,1,4E,88,5,4,2022/11/2 6:55,,800,MED1,ESVLC,1,2.25,12458.9,4,0
EMCU8777247,1,44,18,1,3,2022/11/2 7:05,,801,MED1,GRPIR,1,2.25,27768.6,9,0
OOLU4364097,1,67,14,4,1,2022/11/2 7:10,,802,MED1,ITGOA,1,2,10820,3,0
GESU6582937,1,75,92,5,2,2022/11/2 7:22,,803,MED1,ITGOA,1,2.25,10541,3,0
DRYU9891218,1,41,66,5,5,2022/11/2 7:25,,804,MED1,GRPIR,1,2.25,16090,5,0
CMAU7055993,1,67,22,6,3,2022/11/2 7:26,,805,MED1,GRPIR,1,2.25,14760,4,0
TCNU4369420,1,67,22,6,4,2022/11/2 7:30,,806,MED1,GRPIR,1,2.25,12242,4,0
TCKU2011181,1,62,35,5,2,2022/11/2 7:33,,807,MED1,GRPIR,1,1,4615.5,1,0
EITU1052661,1,48,78,2,2,2022/11/2 7:34,,808,MED1,ITSPE,1,2.25,14486,4,0
TLLU7849640,1,75,92,5,3,2022/11/2 7:36,,809,MED1,ITGOA,1,2.25,13790,4,0
CSNU8005729,1,4E,88,5,3,2022/11/2 7:50,,810,MED1,ESVLC,1,2.25,11464,3,0
TRHU8163894,1,48,78,2,3,2022/11/2 7:58,,811,MED1,ITSPE,1,2.25,13225,4,0
HMCU9200817,1,89,70,4,4,2022/11/2 8:14,,812,MED1,FRFOS,1,2.25,17683,5,0
AXIU4241682,1,67,14,4,2,2022/11/2 8:14,,813,MED1,ITGOA,1,2,13640,4,0
TGBU8856025,1,54,18,5,3,2022/11/2 8:17,,814,MED1,GRPIR,1,2.25,29205,9,0
TLLU5785736,1,53,42,1,3,2022/11/2 8:21,,815,MED1,FRFOS,1,2.25,24506.5,8,0
EGHU9830085,1,62,42,3,5,2022/11/2 8:26,,816,MED1,FRFOS,1,2.25,12538.7,4,0
CCLU7447287,1,48,56,1,4,2022/11/2 8:26,,817,MED1,GRPIR,1,2.25,15326,5,0
MCLU5113465,1,63,82,5,3,2022/11/2 8:27,,818,MED1,ITGOA,1,2.25,25008,8,0
TEMU0849293,1,7A,25,2,2,2022/11/2 8:27,,819,MED1,GRPIR,1,1,25300,8,0
TGCU0064350,1,41,38,3,1,2022/11/2 8:32,,820,MED1,ITGOA,1,2.25,8795,2,0
TEMU9535740,1,99,42,5,1,2022/11/2 8:32,,821,MED1,ESVLC,1,2.25,28520,9,0
CBHU4105819,1,69,11,2,3,2022/11/2 8:32,,822,MED1,ITGOA,1,1,6566.5,2,0
MCLU5114728,1,63,82,5,4,2022/11/2 8:33,,823,MED1,ITGOA,1,2.25,25008,8,0
ECMU1875909,1,62,35,5,3,2022/11/2 8:35,,824,MED1,GRPIR,1,1,13032,4,0
MAGU5279490,1,41,62,1,3,2022/11/2 8:37,,825,MED1,FRFOS,1,2.25,8861.5,2,0
CMAU7692163,1,41,62,1,4,2022/11/2 8:38,,826,MED1,FRFOS,1,2.25,15400,5,0
MCLU5111605,1,63,82,5,5,2022/11/2 8:42,,827,MED1,ITGOA,1,2.25,25008,8,0
APZU4617216,1,63,22,3,4,2022/11/2 8:46,,828,MED1,ITGOA,1,2,9813,3,0
CBHU8804202,1,69,60,4,3,2022/11/2 8:49,,829,MED1,SGSIN,1,2.25,14362,4,0
TCKU6355251,1,89,70,2,2,2022/11/2 8:52,,830,MED1,FRFOS,1,2.25,24506.5,8,0
TRHU4692164,1,69,84,2,5,2022/11/2 8:52,,831,MED1,GRPIR,1,2.25,29205,9,0
EMCU9846091,1,69,24,3,4,2022/11/2 8:55,,832,MED1,GRPIR,1,2.25,21160,7,0
CSNU1900202,1,58,55,6,1,2022/11/2 8:55,,833,MED1,FRFOS,1,1,16241,5,0
MCLU5113531,1,75,92,1,4,2022/11/2 8:59,,834,MED1,ITGOA,1,2.25,25008,8,0
TRHU3384228,1,6A,63,3,3,2022/11/2 9:00,,835,MED1,GRPIR,1,1,23495,7,0
TCNU6469198,1,48,78,1,1,2022/11/2 9:02,,836,MED1,ITSPE,1,2.25,11896,3,0
MCLU5114420,1,75,92,5,4,2022/11/2 9:02,,837,MED1,ITGOA,1,2.25,25008,8,0
BMOU5899591,1,57,44,1,3,2022/11/2 9:09,,838,MED1,ITSPE,1,2.25,23063.1,7,0
FCIU5502130,1,4A,51,4,3,2022/11/2 9:09,,839,MED1,FRFOS,1,1,4282,1,0
TRHU3982282,1,58,55,2,4,2022/11/2 9:09,,840,MED1,ITGOA,1,1,19735,6,0
EITU1095025,1,51,12,2,5,2022/11/2 9:12,,841,MED1,GRPIR,1,2.25,31500,10,0
BEAU6192865,1,89,46,6,2,2022/11/2 9:13,,842,MED1,GRPIR,1,2.25,26010,8,0
BMOU4847839,1,89,46,4,2,2022/11/2 9:13,,843,MED1,GRPIR,1,2.25,26010,8,0
BMOU5055420,1,85,22,4,2,2022/11/2 9:13,,844,MED1,GRPIR,1,2.25,26010,8,0
CCLU7898320,1,62,52,3,2,2022/11/2 9:13,,845,MED1,GRPIR,1,2.25,26010,8,0
CSNU6001745,1,92,36,4,2,2022/11/2 9:13,,846,MED1,GRPIR,1,2.25,26010,8,0
CSNU6904983,1,89,46,4,4,2022/11/2 9:13,,847,MED1,GRPIR,1,2.25,26010,8,0
CSNU7811165,1,89,46,6,1,2022/11/2 9:13,,848,MED1,GRPIR,1,2.25,26010,8,0
CSNU8121061,1,92,36,4,4,2022/11/2 9:13,,849,MED1,GRPIR,1,2.25,26010,8,0
DFSU7358751,1,69,76,2,4,2022/11/2 9:13,,850,MED1,GRPIR,1,2.25,26010,8,0
FCIU7168779,1,6C,48,6,4,2022/11/2 9:13,,851,MED1,ESVLC,1,2.25,22500,7,0
FSCU7097993,1,62,52,4,5,2022/11/2 9:13,,852,MED1,GRPIR,1,2.25,26010,8,0
FSCU8706013,1,6C,48,1,4,2022/11/2 9:13,,853,MED1,ESVLC,1,2.25,22500,7,0
GCXU5492288,1,69,76,2,5,2022/11/2 9:13,,854,MED1,GRPIR,1,2.25,26010,8,0
GCXU5493915,1,6C,42,4,5,2022/11/2 9:13,,855,MED1,GRPIR,1,2.25,26010,8,0
GCXU5629128,1,92,36,4,5,2022/11/2 9:13,,856,MED1,GRPIR,1,2.25,26010,8,0
OOCU6970780,1,6C,42,3,4,2022/11/2 9:13,,857,MED1,GRPIR,1,2.25,26010,8,0
OOCU8312433,1,85,22,4,3,2022/11/2 9:13,,858,MED1,GRPIR,1,2.25,26010,8,0
OOLU9754122,1,67,30,6,3,2022/11/2 9:13,,859,MED1,ESVLC,1,2.25,22500,7,0
RFCU5065020,1,89,46,5,4,2022/11/2 9:13,,860,MED1,GRPIR,1,2.25,26010,8,0
SEGU6697144,1,6C,42,3,3,2022/11/2 9:13,,861,MED1,GRPIR,1,2.25,26010,8,0
TCNU4450763,1,62,52,3,1,2022/11/2 9:13,,862,MED1,GRPIR,1,2.25,26010,8,0
TCNU8644751,1,89,46,4,1,2022/11/2 9:13,,863,MED1,GRPIR,1,2.25,26010,8,0
TEMU6363550,1,89,46,6,4,2022/11/2 9:13,,864,MED1,GRPIR,1,2.25,26010,8,0
TGBU5255777,1,6C,42,4,4,2022/11/2 9:13,,865,MED1,GRPIR,1,2.25,26010,8,0
TGBU5373580,1,67,30,6,2,2022/11/2 9:13,,866,MED1,ESVLC,1,2.25,22500,7,0
TLLU4406993,1,67,30,6,4,2022/11/2 9:13,,867,MED1,ESVLC,1,2.25,22500,7,0
TLLU5343170,1,89,46,6,3,2022/11/2 9:13,,868,MED1,GRPIR,1,2.25,26010,8,0
TRHU5250104,1,89,46,4,3,2022/11/2 9:13,,869,MED1,GRPIR,1,2.25,26010,8,0
TRHU5521124,1,92,36,4,1,2022/11/2 9:13,,870,MED1,GRPIR,1,2.25,26010,8,0
TRHU7543626,1,92,36,4,3,2022/11/2 9:13,,871,MED1,GRPIR,1,2.25,26010,8,0
TRHU7960065,1,89,46,5,3,2022/11/2 9:13,,872,MED1,GRPIR,1,2.25,26010,8,0
CMAU8377000,1,67,14,4,3,2022/11/2 9:21,,873,MED1,ITGOA,1,2,8904,2,0
TGBU4089440,1,69,60,4,4,2022/11/2 9:22,,874,MED1,SGSIN,1,2.25,7300,2,0
MCLU5114395,1,75,92,5,5,2022/11/2 9:44,,875,MED1,ITGOA,1,2.25,25008,8,0
TGBU9294977,1,75,92,4,2,2022/11/2 9:48,,876,MED1,ITGOA,1,2.25,30790,10,0
DFSU2076776,1,69,11,2,4,2022/11/2 9:49,,877,MED1,ITGOA,1,1,9670,3,0
TRHU4094619,1,67,54,3,1,2022/11/2 9:50,,878,MED1,ITSPE,1,2.25,14411.3,4,0
WBPU7019091,1,44,18,1,4,2022/11/2 10:02,,879,MED1,GRPIR,1,2.25,18250,6,0
CSNU1466924,1,69,11,2,5,2022/11/2 10:12,,880,MED1,ITGOA,1,1,5373.5,1,0
OOCU6929616,1,57,44,5,1,2022/11/2 10:17,,881,MED1,ESVLC,1,2.25,24620,8,0
CMAU9112773,1,67,14,4,4,2022/11/2 10:20,,882,MED1,ITGOA,1,2,7004,2,0
CBHU8950207,1,57,44,5,2,2022/11/2 10:23,,883,MED1,ESVLC,1,2.25,32000,10,0
CSNU8005539,1,57,44,5,3,2022/11/2 10:28,,884,MED1,ESVLC,1,2.25,24620,8,0
EISU1669578,1,69,36,4,3,2022/11/2 10:36,,885,MED1,ITSPE,1,2,10664,3,0
TGBU5943384,1,65,80,1,1,2022/11/2 10:39,,886,MED1,ITGOA,1,2.25,27046,9,0
EGHU9779846,1,53,42,1,1,2022/11/2 10:41,,887,MED1,FRFOS,1,2.25,12561.9,4,0
TLLU4483958,1,57,44,5,4,2022/11/2 10:47,,888,MED1,ESVLC,1,2.25,24620,8,0
TXGU5691480,1,54,18,5,4,2022/11/2 10:49,,889,MED1,GRPIR,1,2.25,24625.5,8,0
OOLU4287792,1,52,76,5,2,2022/11/2 10:50,,890,MED1,ITSPE,1,2,11690,3,0
SLSU8018856,1,65,80,1,2,2022/11/2 10:53,,891,MED1,ITGOA,1,2.25,29584,9,0
CMAU8174066,1,66,46,6,1,2022/11/2 10:53,,892,MED1,ITGOA,1,2,9134.6,3,0
FBIU5031297,1,3E,40,6,1,2022/11/2 10:54,,893,MED1,GRPIR,1,2.25,31000,10,0
OOCU6551613,1,57,44,3,1,2022/11/2 10:55,,894,MED1,ESVLC,1,2.25,24620,8,0
CSNU6341431,1,57,44,3,2,2022/11/2 10:56,,895,MED1,ESVLC,1,2.25,24620,8,0
CSNU7209482,1,6C,14,4,2,2022/11/2 10:56,,896,MED1,GRPIR,1,2.25,8344.7,2,0
CBHU2690416,1,3E,37,6,1,2022/11/2 10:58,,897,MED1,SGSIN,1,1,13800,4,0
CSNU6587235,1,57,44,3,3,2022/11/2 11:01,,898,MED1,ESVLC,1,2.25,24620,8,0
CCLU5240562,1,5B,66,5,2,2022/11/2 11:03,,899,MED1,SGSIN,1,2,8283.1,2,0
TEMU9641504,1,3E,66,6,1,2022/11/2 11:03,,900,MED1,ITGOA,1,2.25,31265,10,0
CSNU6511688,1,57,44,4,1,2022/11/2 11:03,,901,MED1,ESVLC,1,2.25,24620,8,0
FCIU6129401,1,6A,63,3,4,2022/11/2 11:05,,902,MED1,GRPIR,1,1,23440,7,0
CCLU7917930,1,69,24,1,4,2022/11/2 11:07,,903,MED1,GRPIR,1,2.25,24400,8,0
OOLU9406425,1,41,38,3,2,2022/11/2 11:09,,904,MED1,ITGOA,1,2.25,17605.2,5,0
CCLU7473120,1,57,44,4,2,2022/11/2 11:10,,905,MED1,ESVLC,1,2.25,24620,8,0
CSNU6762889,1,67,40,4,4,2022/11/2 11:12,,906,MED1,GRPIR,1,2.25,15949,5,0
TXGU7293228,1,53,42,1,2,2022/11/2 11:15,,907,MED1,FRFOS,1,2.25,12282,4,0
TEMU2829763,1,98,27,5,1,2022/11/2 11:23,,908,MED1,GRPIR,1,1,23440,7,0
FCIU9444053,1,55,44,1,1,2022/11/2 11:30,,909,MED1,ESVLC,1,2.25,12295,4,0
OOLU9533733,1,55,44,3,5,2022/11/2 11:31,,910,MED1,ESVLC,1,2.25,24620,8,0
FFAU3170472,1,4E,88,4,4,2022/11/2 11:37,,911,MED1,ESVLC,1,2.25,24620,8,0
BMOU4246490,1,62,42,5,1,2022/11/2 11:41,,912,MED1,FRFOS,1,2.25,12282,4,0
AXIU1617550,1,69,60,4,5,2022/11/2 11:47,,913,MED1,SGSIN,1,2.25,16444.1,5,0
OOCU8128811,1,66,62,5,1,2022/11/2 11:48,,914,MED1,ESVLC,1,2.25,24620,8,0
CMAU7281136,1,6C,76,4,3,2022/11/2 11:49,,915,MED1,FRFOS,1,2.25,24695.5,8,0
TEMU9325912,1,99,42,5,2,2022/11/2 11:51,,916,MED1,ITGOA,1,2.25,31265,10,0
OOLU9311490,1,4E,88,5,2,2022/11/2 11:56,,917,MED1,ESVLC,1,2.25,24620,8,0
BEAU5674590,1,2E,54,6,3,2022/11/2 11:57,,918,MED1,GRPIR,1,2.25,18947.2,6,0
TEMU9642162,1,99,18,4,1,2022/11/2 11:59,,919,MED1,GRPIR,1,2.25,31000,10,0
TEMU3077320,1,6A,63,3,5,2022/11/2 12:00,,920,MED1,GRPIR,1,1,23440,7,0
CCLU6614142,1,56,38,2,4,2022/11/2 12:05,,921,MED1,ESVLC,1,2.25,24620,8,0
OOCU8708759,1,48,78,1,2,2022/11/2 12:11,,922,MED1,ITSPE,1,2.25,24571.8,8,0
OOCU7436300,1,56,38,2,5,2022/11/2 12:16,,923,MED1,ESVLC,1,2.25,24620,8,0
BMOU5137451,1,63,38,1,1,2022/11/2 12:21,,924,MED1,FRFOS,1,2.25,20424.1,6,0
TGHU1599380,1,63,19,6,1,2022/11/2 12:24,,925,MED1,FRFOS,1,1,12337,4,0
MAGU2149282,1,63,19,5,1,2022/11/2 12:35,,926,MED1,GRPIR,1,1,23440,7,0
CMAU5709781,1,63,26,5,2,2022/11/2 12:41,,927,MED1,FRFOS,1,2.25,24695.5,8,0
SEGU6537640,1,56,38,4,5,2022/11/2 12:41,,928,MED1,ESVLC,1,2.25,16038.5,5,0
BMOU5793845,1,63,26,5,3,2022/11/2 12:44,,929,MED1,FRFOS,1,2.25,19029.2,6,0
EGHU9673330,1,63,26,5,4,2022/11/2 12:47,,930,MED1,FRFOS,1,2.25,13245,4,0
TRHU6987354,1,65,80,1,3,2022/11/2 12:50,,931,MED1,ITGOA,1,2.25,23910,7,0
OOLU0506090,1,67,71,6,3,2022/11/2 12:50,,932,MED1,ITGOA,1,1,10620.9,3,0
EITU1845639,1,63,26,5,5,2022/11/2 12:52,,933,MED1,FRFOS,1,2.25,25475.8,8,0
SZLU9392590,1,99,18,4,2,2022/11/2 12:53,,934,MED1,GRPIR,1,2.25,30920,10,0
OERU4068543,1,3E,40,6,2,2022/11/2 12:59,,935,MED1,GRPIR,1,2.25,31410,10,0
OOLU0179505,1,51,67,1,1,2022/11/2 13:02,,936,MED1,ITGOA,1,1,28022.2,9,0
SZLU9398032,1,3E,40,6,3,2022/11/2 13:05,,937,MED1,GRPIR,1,2.25,31000,10,0
TRLU9502162,1,62,72,1,3,2022/11/2 13:13,,938,MED1,ITGOA,1,2,10066,3,0
TLLU7754441,1,96,16,2,1,2022/11/2 13:19,,939,MED1,GRPIR,1,2.25,11659.1,3,0
CSNU1378839,1,62,25,1,3,2022/11/2 13:23,,940,MED1,GRPIR,1,1,13184.2,4,0
OOLU8636948,1,54,18,5,5,2022/11/2 13:30,,941,MED1,GRPIR,1,2.25,24765,8,0
TEMU8257578,1,65,80,1,4,2022/11/2 13:34,,942,MED1,ITGOA,1,2.25,24800,8,0
DFSU2882302,1,58,55,6,2,2022/11/2 13:37,,943,MED1,FRFOS,1,1,6117.2,2,0
SEKU5588307,1,83,46,4,4,2022/11/2 13:41,,944,MED1,FRFOS,1,2.25,14242,4,0
OOLU9437750,1,75,92,4,3,2022/11/2 13:43,,945,MED1,ITGOA,1,2.25,29985.5,9,0
EISU9237631,1,96,16,2,2,2022/11/2 13:48,,946,MED1,GRPIR,1,2.25,20100,6,0
TEMU3137570,1,46,73,4,1,2022/11/2 13:49,,947,MED1,GRPIR,1,1,7684,2,0
OERU4138173,1,75,92,4,4,2022/11/2 13:49,,948,MED1,ITGOA,1,2.25,26173.7,8,0
BEAU5070029,1,75,92,4,5,2022/11/2 13:54,,949,MED1,ITGOA,1,2.25,25484,8,0
BMOU2174385,1,62,25,3,2,2022/11/2 13:58,,950,MED1,GRPIR,1,1,18968,6,0
EGHU8003138,1,47,20,5,2,2022/11/2 14:03,,951,MED1,GRPIR,1,2.25,16190,5,0
FFAU2835315,1,62,42,5,2,2022/11/2 14:05,,952,MED1,FRFOS,1,2.25,9932.5,3,0
BMOU2909931,1,63,19,5,2,2022/11/2 14:08,,953,MED1,GRPIR,1,1,20200,6,0
OOCU7926798,1,33,14,6,3,2022/11/2 14:10,,954,MED1,ITGOA,1,2.25,11815.8,3,0
EMCU8620659,1,62,42,2,1,2022/11/2 14:12,,955,MED1,FRFOS,1,2.25,26775.4,8,0
DFOU6147235,1,41,38,1,2,2022/11/2 14:15,,956,MED1,ITGOA,1,2.25,32299,10,0
TCNU8081914,1,69,60,5,5,2022/11/2 14:31,,957,MED1,SGSIN,1,2.25,29427.6,9,0
CSNU1335708,1,66,25,6,1,2022/11/2 14:44,,958,MED1,FRFOS,1,1,5694.3,1,0
CRXU8605470,1,1B,49,3,1,2022/11/2 14:45,,959,MED1,ITGOA,1,1,28900,9,0
EMCU8362657,1,64,66,6,1,2022/11/2 14:45,,960,MED1,ITGOA,1,2.25,24102,8,0
TCNU1327328,1,66,74,1,1,2022/11/2 14:47,,961,MED1,FRFOS,1,2.25,14946,4,0
CBHU9517022,1,69,84,4,1,2022/11/2 15:04,,962,MED1,GRPIR,1,2.25,18210,6,0
CAIU2325711,1,51,67,4,5,2022/11/2 15:04,,963,MED1,ITSPE,1,1,4388,1,0
TEMU9333013,1,9A,22,2,2,2022/11/2 15:05,,964,MED1,ITGOA,1,2.25,31400,10,0
EITU9364877,1,69,84,1,1,2022/11/2 15:16,,965,MED1,GRPIR,1,2.25,29700,9,0
FSCU8695161,1,4E,88,5,1,2022/11/2 15:23,,966,MED1,ESVLC,1,2.25,32000,10,0
RFCU8230387,1,1B,59,4,2,2022/11/2 15:24,,967,MED1,ITGOA,1,1,28900,9,0
TGBU3295533,1,67,71,6,1,2022/11/2 15:28,,968,MED1,ITGOA,1,1,4855,1,0
CSNU8209300,1,41,38,1,3,2022/11/2 15:32,,969,MED1,ITGOA,1,2.25,24500,8,0
CSLU2216687,1,46,73,4,2,2022/11/2 15:35,,970,MED1,GRPIR,1,1,5215.6,1,0
OOCU6989960,1,6C,14,4,3,2022/11/2 15:37,,971,MED1,GRPIR,1,2.25,8028.8,2,0
CSLU1272557,1,46,73,4,3,2022/11/2 15:43,,972,MED1,GRPIR,1,1,4375.1,1,0
TTNU8005861,1,99,42,4,1,2022/11/2 15:54,,973,MED1,ESVLC,1,2.25,22248,7,0
FSCU4987150,1,67,14,4,5,2022/11/2 16:04,,974,MED1,ITGOA,1,2,7891.1,2,0
TCLU6736419,1,5B,74,4,4,2022/11/2 16:07,,975,MED1,FRFOS,1,2.25,13009,4,0
OOCU7537477,1,5B,74,6,1,2022/11/2 16:12,,976,MED1,ITGOA,1,2.25,16955,5,0
EGHU8339420,1,5B,74,3,1,2022/11/2 16:15,,977,MED1,ITGOA,1,2.25,14410,4,0
CSLU2229642,1,63,19,5,3,2022/11/2 16:15,,978,MED1,GRPIR,1,1,23440,7,0
SEGU1008005,1,63,19,5,4,2022/11/2 16:22,,979,MED1,GRPIR,1,1,23440,7,0
OOCU6511101,1,41,38,1,4,2022/11/2 16:24,,980,MED1,ITGOA,1,2.25,27581.6,9,0
BMOU5157606,1,6C,88,3,4,2022/11/2 16:28,,981,MED1,GRPIR,1,2.25,29921,9,0
TGBU4071604,1,66,78,4,1,2022/11/2 16:30,,982,MED1,SGSIN,1,2.25,31100,10,0
OERU4175032,1,99,42,4,2,2022/11/2 16:32,,983,MED1,ESVLC,1,2.25,30234.5,10,0
CAAU5508159,1,5B,74,2,1,2022/11/2 16:35,,984,MED1,ITGOA,1,2.25,21503,7,0
TGHU1184569,1,58,55,6,3,2022/11/2 16:41,,985,MED1,FRFOS,1,1,7427.5,2,0
CMAU5910369,1,42,28,1,3,2022/11/2 16:47,,986,MED1,GRPIR,1,2.25,14810.5,4,0
TXGU5549007,1,96,16,2,3,2022/11/2 16:49,,987,MED1,GRPIR,1,2.25,30000,10,0
FFAU3377731,1,66,62,6,1,2022/11/2 16:55,,988,MED1,ESVLC,1,2.25,13226.7,4,0
CXDU1449002,1,63,19,5,5,2022/11/2 16:55,,989,MED1,GRPIR,1,1,23440,7,0
CXDU1659890,1,69,84,4,2,2022/11/2 16:57,,990,MED1,GRPIR,1,2.25,18133,6,0
TCNU6050093,1,89,70,2,3,2022/11/2 17:06,,991,MED1,FRFOS,1,2.25,30523.8,10,0
TGBU2100405,1,58,55,6,4,2022/11/2 17:11,,992,MED1,FRFOS,1,1,8937.8,2,0
CSNU6341494,1,66,78,4,2,2022/11/2 17:13,,993,MED1,SGSIN,1,2.25,31100,10,0
CSLU1736771,1,51,67,1,2,2022/11/2 17:20,,994,MED1,ITGOA,1,1,25770,8,0
EISU8040714,1,57,94,4,1,2022/11/2 17:22,,995,MED1,GRPIR,1,2.25,23378.7,7,0
HMCU9227660,1,66,88,6,1,2022/11/2 17:26,,996,MED1,ITSPE,1,2.25,28194,9,0
TGBU3031295,1,67,71,6,2,2022/11/2 17:27,,997,MED1,ITGOA,1,1,5624.3,1,0
DRYU4042054,1,46,44,2,1,2022/11/2 17:29,,998,MED1,FRFOS,1,2,16810.2,5,0
EMCU8605356,1,66,88,6,2,2022/11/2 17:29,,999,MED1,ITSPE,1,2.25,28820,9,0
EGHU9741080,1,66,74,3,4,2022/11/2 17:35,,1000,MED1,FRFOS,1,2.25,16520,5,0
CSNU7668820,1,89,30,5,1,2022/11/2 17:35,,1001,MED1,GRPIR,1,2.25,9984,3,0
TCNU5939342,1,6C,88,6,1,2022/11/2 17:38,,1002,MED1,GRPIR,1,2.25,12200.9,4,0
TEMU7861048,1,69,84,4,3,2022/11/2 17:39,,1003,MED1,GRPIR,1,2.25,17520.3,5,0
EITU1525574,1,6C,88,6,2,2022/11/2 17:41,,1004,MED1,GRPIR,1,2.25,11254,3,0
OOCU6854374,1,69,84,4,4,2022/11/2 17:43,,1005,MED1,GRPIR,1,2.25,17560,5,0
APHU6619956,1,41,38,5,1,2022/11/2 17:45,,1006,MED1,ITGOA,1,2.25,13276.3,4,0
CSNU8276042,1,41,38,5,2,2022/11/2 17:48,,1007,MED1,ITGOA,1,2.25,28674.6,9,0
FCIU8463634,1,41,38,5,3,2022/11/2 17:51,,1008,MED1,ITGOA,1,2.25,28239.5,9,0
TGBU7874739,1,6C,88,5,1,2022/11/2 17:52,,1009,MED1,GRPIR,1,2.25,31750,10,0
BMOU5338733,1,5B,74,3,2,2022/11/2 17:53,,1010,MED1,ITGOA,1,2.25,13152,4,0
HMCU9183978,1,6C,88,6,3,2022/11/2 18:06,,1011,MED1,GRPIR,1,2.25,14390.9,4,0
EITU1116160,1,5B,74,3,3,2022/11/2 18:12,,1012,MED1,ITGOA,1,2.25,14410,4,0
EISU1690549,1,67,62,3,2,2022/11/2 18:16,,1013,MED1,GRPIR,1,2,12552,4,0
TCNU3780565,1,48,78,1,3,2022/11/2 18:19,,1014,MED1,ITSPE,1,2.25,11926.5,3,0
SEGU5026898,1,5B,74,2,2,2022/11/2 18:19,,1015,MED1,ITGOA,1,2.25,22726.8,7,0
OOCU7042014,1,5B,74,5,1,2022/11/2 18:24,,1016,MED1,ITGOA,1,2.25,29532.2,9,0
EGHU9765101,1,66,88,6,3,2022/11/2 18:27,,1017,MED1,ITSPE,1,2.25,23400,7,0
CSNU7383920,1,66,74,3,5,2022/11/2 18:32,,1018,MED1,FRFOS,1,2.25,18650.7,6,0
FCGU2243954,1,63,69,5,1,2022/11/2 18:44,,1019,MED1,GRPIR,1,1,22050.5,7,0
HMCU1092275,1,5B,66,2,2,2022/11/2 18:44,,1020,MED1,GRPIR,1,2,27256,9,0
OERU4071212,1,3E,40,4,2,2022/11/2 18:49,,1021,MED1,ESVLC,1,2.25,28430,9,0
FCIU9471629,1,38,42,4,3,2022/11/2 18:50,,1022,MED1,FRFOS,1,2.25,18828.7,6,0
EGHU8364167,1,69,84,4,5,2022/11/2 18:51,,1023,MED1,GRPIR,1,2.25,17980,5,0
TEMU6053976,1,6C,88,4,1,2022/11/2 18:52,,1024,MED1,GRPIR,1,2.25,19490,6,0
SCZU8739529,1,1B,67,3,1,2022/11/2 18:55,,1025,MED1,ITGOA,1,1,28900,9,0
EMCU8616350,1,89,30,5,2,2022/11/2 18:59,,1026,MED1,GRPIR,1,2.25,9984.2,3,0
CSLU2405438,1,67,69,4,1,2022/11/2 19:00,,1027,MED1,ITSPE,1,1,3740,1,0
GAOU6809631,1,5B,74,6,2,2022/11/2 19:02,,1028,MED1,ITGOA,1,2.25,16712.1,5,0
EGHU3524792,1,66,39,5,1,2022/11/2 19:06,,1029,MED1,ESVLC,1,1,21020,7,0
CSNU4037950,1,69,80,6,1,2022/11/2 19:35,,1030,MED1,ITGOA,1,2,13034.3,4,0
SZLU9680811,1,69,84,1,2,2022/11/2 19:35,,1031,MED1,GRPIR,1,2.25,27631.2,9,0
CMAU9181666,1,5B,74,3,4,2022/11/2 19:38,,1032,MED1,ITGOA,1,2.25,14810,4,0
FCIU5470938,1,63,75,3,1,2022/11/2 19:47,,1033,MED1,FRFOS,1,1,6292.7,2,0
CAAU6128533,1,62,42,5,3,2022/11/2 19:49,,1034,MED1,FRFOS,1,2.25,6726.4,2,0
EITU9228016,1,62,42,5,4,2022/11/2 19:52,,1035,MED1,FRFOS,1,2.25,13464.8,4,0
TCNU2078180,1,5B,74,1,1,2022/11/2 19:54,,1036,MED1,ITGOA,1,2.25,9581,3,0
CAAU2195600,1,67,37,2,1,2022/11/2 19:55,,1037,MED1,ITGOA,1,1,19185,6,0
EGHU9522842,1,6C,88,5,2,2022/11/2 20:00,,1038,MED1,GRPIR,1,2.25,22265,7,0
TCNU5620381,1,96,16,4,1,2022/11/2 20:10,,1039,MED1,GRPIR,1,2.25,20200,6,0
EGHU8319830,1,5B,74,1,2,2022/11/2 20:15,,1040,MED1,ITGOA,1,2.25,14410,4,0
BMOU5840377,1,4E,88,6,1,2022/11/2 20:19,,1041,MED1,ESVLC,1,2.25,32000,10,0
CSNU6847950,1,66,58,2,1,2022/11/2 20:58,,1042,MED1,ITGOA,1,2.25,10949,3,0
FFAU3432510,1,66,78,4,3,2022/11/2 21:14,,1043,MED1,SGSIN,1,2.25,31100,10,0
CSNU6836209,1,4A,30,3,4,2022/11/2 21:15,,1044,MED1,ESVLC,1,2.25,11260,3,0
TRHU5066720,1,6C,88,4,2,2022/11/2 21:27,,1045,MED1,GRPIR,1,2.25,16033.9,5,0
CBHU6446814,1,4A,82,3,2,2022/11/2 21:32,,1046,MED1,ITSPE,1,2,27423.1,9,0
CSLU6272164,1,66,78,4,4,2022/11/2 21:35,,1047,MED1,SGSIN,1,2.25,30570,10,0
CMAU6187676,1,66,58,3,1,2022/11/2 21:38,,1048,MED1,ITGOA,1,2.25,11111,3,0
GESU6648021,1,69,80,6,2,2022/11/2 21:43,,1049,MED1,ITGOA,1,2,27812,9,0
CSLU1892943,1,6A,63,2,3,2022/11/2 21:46,,1050,MED1,SGSIN,1,1,8654,2,0
TRHU5966022,1,67,66,4,1,2022/11/2 21:56,,1051,MED1,SGSIN,1,2.25,24151,8,0
EGHU8487752,1,4E,88,6,2,2022/11/2 21:57,,1052,MED1,ESVLC,1,2.25,32513,10,0
SZLU9689974,1,66,58,3,2,2022/11/2 22:20,,1053,MED1,ITGOA,1,2.25,28920.4,9,0
TGBU5053755,1,6C,88,5,3,2022/11/2 22:53,,1054,MED1,GRPIR,1,2.25,24500,8,0
TCNU2772246,1,96,16,6,1,2022/11/2 23:02,,1055,MED1,GRPIR,1,2.25,24500,8,0
EGHU9702232,1,96,16,6,2,2022/11/2 23:16,,1056,MED1,GRPIR,1,2.25,30200,10,0
OOCU7330200,1,62,68,3,1,2022/11/2 23:24,,1057,MED1,ESVLC,1,2.25,14070,4,0
WBPU7026845,1,6C,88,6,4,2022/11/2 23:30,,1058,MED1,GRPIR,1,2.25,11350,3,0
EGHU3486096,1,62,25,3,3,2022/11/2 23:30,,1059,MED1,GRPIR,1,1,15317,5,0
EISU2292067,1,62,25,3,4,2022/11/2 23:34,,1060,MED1,GRPIR,1,1,18210,6,0
BMOU5382952,1,66,32,4,1,2022/11/2 23:34,,1061,MED1,FRFOS,1,2.25,8636,2,0
UETU5224495,1,6C,88,4,3,2022/11/2 23:43,,1062,MED1,GRPIR,1,2.25,17968,5,0
CCLU7394844,1,96,16,6,3,2022/11/2 23:52,,1063,MED1,GRPIR,1,2.25,25590,8,0
CCLU5268019,1,67,92,5,1,2022/11/3 0:01,,1064,MED1,ITSPE,1,2,13643,4,0
EISU9132991,1,6C,88,5,4,2022/11/3 0:04,,1065,MED1,GRPIR,1,2.25,30460,10,0
GCXU5444206,1,66,58,3,3,2022/11/3 0:06,,1066,MED1,ITGOA,1,2.25,24500,8,0
EGHU9438602,1,96,16,6,4,2022/11/3 0:14,,1067,MED1,GRPIR,1,2.25,24680,8,0
TCNU6360627,1,6C,88,5,5,2022/11/3 0:17,,1068,MED1,GRPIR,1,2.25,31828.3,10,0
TCKU6213046,1,62,42,5,5,2022/11/3 0:32,,1069,MED1,FRFOS,1,2.25,12282,4,0
OOLU0216912,1,75,47,4,1,2022/11/3 0:41,,1070,MED1,ITSPE,1,1,13395.2,4,0
TCNU8646013,1,53,42,2,4,2022/11/3 1:22,,1071,MED1,FRFOS,1,2.25,26923,8,0
EITU1779012,1,69,28,5,1,2022/11/3 1:24,,1072,MED1,GRPIR,1,2.25,13764.2,4,0
TCNU4452410,1,5B,74,6,3,2022/11/3 1:43,,1073,MED1,ITGOA,1,2.25,18951,6,0
BMOU4860933,1,67,50,6,1,2022/11/3 1:44,,1074,MED1,GRPIR,1,2.25,5665,1,0
TCNU2534818,1,6C,88,3,1,2022/11/3 1:46,,1075,MED1,GRPIR,1,2.25,30000,10,0
CMAU7450555,1,62,68,2,1,2022/11/3 1:49,,1076,MED1,FRFOS,1,2.25,12282,4,0
OOCU7460992,1,62,68,1,1,2022/11/3 2:01,,1077,MED1,ESVLC,1,2.25,11388,3,0
TLLU4139367,1,66,32,6,1,2022/11/3 2:02,,1078,MED1,FRFOS,1,2.25,19142,6,0
TGCU5092647,1,69,28,5,2,2022/11/3 2:25,,1079,MED1,GRPIR,1,2.25,13680,4,0
TCKU6401296,1,66,32,2,1,2022/11/3 2:31,,1080,MED1,FRFOS,1,2.25,12282,4,0
EITU9244491,1,65,80,4,1,2022/11/3 3:42,,1081,MED1,ITGOA,1,2.25,14410,4,0
TGBU6295727,1,6C,72,5,1,2022/11/3 3:52,,1082,MED1,GRPIR,1,2.25,11488,3,0
OOLU9618316,1,62,68,4,1,2022/11/3 4:18,,1083,MED1,ESVLC,1,2.25,8294,2,0
CAAU5884984,1,69,28,5,3,2022/11/3 4:34,,1084,MED1,GRPIR,1,2.25,11497,3,0
EISU1714445,1,69,80,5,1,2022/11/3 5:00,,1085,MED1,GRPIR,1,2,8780,2,0
TGHU6621810,1,6C,72,5,2,2022/11/3 5:28,,1086,MED1,GRPIR,1,2.25,14592.5,4,0
MAGU2305641,1,51,67,5,1,2022/11/3 5:34,,1087,MED1,GRPIR,1,1,7571.8,2,0
BSIU9600744,1,6C,18,3,3,2022/11/3 6:11,,1088,MED1,ESVLC,1,2.25,24620,8,0
HMCU9089663,1,6C,88,3,2,2022/11/3 6:39,,1089,MED1,GRPIR,1,2.25,22830.3,7,0
TGBU4747788,1,69,28,5,4,2022/11/3 6:41,,1090,MED1,GRPIR,1,2.25,11496,3,0
FFAU3099883,1,69,28,5,5,2022/11/3 7:16,,1091,MED1,GRPIR,1,2.25,14299.8,4,0
CSNU8451042,1,66,12,2,1,2022/11/3 7:28,,1092,MED1,GRPIR,1,2.25,13764.6,4,0
TGBU8968961,1,6C,88,3,3,2022/11/3 7:28,,1093,MED1,GRPIR,1,2.25,24400,8,0
OERU4116940,1,99,42,4,3,2022/11/3 7:32,,1094,MED1,ESVLC,1,2.25,32800,10,0
OOCU8697696,1,59,28,6,1,2022/11/3 7:41,,1095,MED1,SGSIN,1,2.25,29820,9,0
OOLU9308178,1,6C,72,5,3,2022/11/3 7:43,,1096,MED1,GRPIR,1,2.25,24400,8,0
SZLU9481770,1,65,80,4,2,2022/11/3 7:49,,1097,MED1,ITGOA,1,2.25,30799.8,10,0
TGBU8870147,1,66,12,2,2,2022/11/3 7:56,,1098,MED1,GRPIR,1,2.25,13329.3,4,0
DFSU1782042,1,75,47,1,1,2022/11/3 8:02,,1099,MED1,SGSIN,1,1,18280,6,0
FCIU5314581,1,75,47,1,2,2022/11/3 8:05,,1100,MED1,SGSIN,1,1,14087.3,4,0
OOCU8317498,1,7A,32,6,1,2022/11/3 8:38,,1101,MED1,ITGOA,1,2.25,12718.9,4,0
OOLU8983206,1,66,58,2,2,2022/11/3 8:49,,1102,MED1,ITGOA,1,2.25,12861.8,4,0
EISU8043462,1,52,20,3,1,2022/11/3 8:49,,1103,MED1,ESVLC,1,2.25,18948,6,0
TCNU2413837,1,6C,72,5,4,2022/11/3 8:52,,1104,MED1,GRPIR,1,2.25,22110,7,0
TCNU8644181,1,66,20,2,1,2022/11/3 8:57,,1105,MED1,GRPIR,1,2.25,11163,3,0
CSNU6932861,1,6C,92,6,1,2022/11/3 9:27,,1106,MED1,SGSIN,1,2.25,19403.9,6,0
TGBU3007386,1,62,35,5,4,2022/11/3 9:31,,1107,MED1,GRPIR,1,1,12400,4,0
EMCU9852113,1,66,58,2,3,2022/11/3 10:15,,1108,MED1,ITGOA,1,2.25,14410,4,0
EITU1808363,1,63,26,2,1,2022/11/3 10:22,,1109,MED1,FRFOS,1,2.25,8917.5,2,0
TGHU9648060,1,6C,48,3,1,2022/11/3 10:24,,1110,MED1,SGSIN,1,2.25,29570.8,9,0
CMAU7441620,1,53,42,2,5,2022/11/3 10:27,,1111,MED1,FRFOS,1,2.25,24700.2,8,0
CBHU6421380,1,67,92,4,3,2022/11/3 10:38,,1112,MED1,ITGOA,1,2,12574.5,4,0
CBHU2820700,1,65,80,4,3,2022/11/3 11:16,,1113,MED1,ITGOA,1,2.25,26108.4,8,0
TRHU5265824,1,6C,88,1,2,2022/11/3 11:27,,1114,MED1,GRPIR,1,2.25,11163,3,0
